Nome;Posicao;Incidencia
민준;1;38305
서준;2;34644
예준;3;28109
도윤;4;28101
시우;5;26027
주원;6;25307
하준;7;24266
지호;8;23940
지후;9;23151
준서;10;22310
준우;11;21725
현우;12;21191
도현;13;20663
지훈;14;20629
건우;15;20623
우진;16;19693
선우;17;17041
서진;18;16727
민재;19;16606
현준;20;16430
연우;21;15936
유준;22;15348
정우;23;14745
승우;24;13588
승현;25;13551
시윤;26;13492
준혁;27;13431
은우;28;13405
지환;29;13404
승민;30;12438
지우;31;12372
유찬;32;12357
윤우;33;11806
민성;34;11801
준영;35;11483
시후;36;11399
진우;37;11322
지원;38;11033
수현;39;10895
재윤;40;9489
시현;41;9427
동현;42;9393
수호;43;9324
태윤;44;9171
민규;45;9029
재원;46;8877
한결;47;8875
민우;48;8845
재민;49;8685
은찬;50;8680
윤호;51;8615
시원;52;8593
이준;53;8581
민찬;54;8356
지안;55;7971
시온;56;7878
성민;57;7852
준호;58;7727
승준;59;7702
성현;60;7667
이안;61;7582
현서;62;7502
재현;63;7434
하율;64;7363
지한;65;7296
우빈;66;7271
태민;67;7251
지성;68;7249
예성;69;7219
민호;70;7183
태현;71;7173
지율;72;7149
민혁;73;7103
서우;74;7085
성준;75;6895
은호;76;6882
규민;77;6766
정민;78;6738
준;79;6707
지민;80;6696
윤성;81;6671
율;82;6563
윤재;83;6533
하람;84;6394
하진;85;6393
민석;86;6356
준수;87;6349
은성;88;6296
태양;89;6266
예찬;90;6247
준희;91;6105
도훈;92;5958
하민;93;5836
준성;94;5688
건;95;5673
지완;96;5610
현수;97;5603
승원;98;5565
강민;99;5540
정현;100;5488
우주;101;5468
태준;102;5442
승호;103;5354
주호;104;5342
성빈;105;5251
주안;106;5193
민서;107;5133
도영;108;5071
우현;109;4997
민수;110;4939
건희;111;4929
주환;112;4922
하랑;113;4914
다온;114;4884
정훈;115;4848
원준;116;4832
시율;117;4767
시훈;118;4734
지오;119;4682
민기;120;4613
현민;121;4608
시완;122;4594
경민;123;4580
서율;124;4520
현성;125;4515
승윤;126;4490
주영;127;4449
동하;128;4442
태훈;129;4297
민건;130;4296
도율;131;4271
동건;132;4247
재훈;133;4219
태영;134;4198
호준;135;4192
승빈;136;4164
가온;137;4156
재준;138;4121
시환;139;4103
세현;140;4043
태경;141;4021
이현;142;4004
도원;143;3947
도경;144;3935
정후;145;3912
현진;146;3910
재영;147;3903
정원;148;3891
서후;149;3871
현승;150;3853
찬영;151;3851
라온;151;3851
영준;153;3850
상현;154;3845
범준;155;3833
윤;156;3829
온유;157;3811
승훈;158;3792
성윤;159;3769
현;160;3761
재하;161;3755
로운;162;3722
주혁;163;3719
찬우;164;3680
이든;165;3666
연준;166;3660
하윤;167;3659
우성;168;3630
동윤;169;3621
성훈;170;3609
승재;171;3587
찬희;172;3540
지혁;173;3525
건호;174;3519
세준;175;3506
동욱;176;3481
태율;177;3464
수민;178;3460
태호;179;3443
유건;180;3436
승찬;181;3411
도하;182;3384
윤찬;183;3383
단우;184;3350
태우;185;3348
산;186;3338
현호;187;3332
윤후;188;3316
현빈;189;3299
시안;190;3268
찬;191;3266
재우;192;3262
준석;193;3255
지운;194;3247
주현;195;3208
형준;196;3202
연호;197;3189
효준;198;3179
재혁;199;3169
성우;200;3137
규빈;201;3130
주완;202;3127
주한;203;3126
동우;204;3124
하늘;205;3099
수혁;206;3095
재희;207;3093
시헌;208;3084
상윤;209;3043
우찬;210;3036
유빈;211;2987
진호;212;2976
유현;213;2970
석현;214;2944
우영;215;2938
준형;216;2920
도연;217;2897
윤서;218;2894
유진;219;2887
서원;220;2883
지용;221;2865
용준;222;2843
규현;223;2832
준후;224;2816
동준;225;2813
은율;226;2810
도준;227;2793
호진;228;2763
강현;229;2759
태인;230;2720
진혁;231;2706
상우;232;2696
우준;233;2680
은준;234;2679
승후;235;2677
시호;236;2671
지웅;237;2669
승환;238;2659
은혁;239;2640
동훈;240;2626
유민;241;2624
하온;242;2593
성원;243;2576
도진;244;2571
승주;245;2568
대현;246;2559
영민;246;2559
서윤;248;2536
종현;249;2531
세훈;250;2504
도겸;251;2503
서호;252;2499
현석;253;2490
신우;254;2485
재호;255;2475
준현;256;2462
원우;257;2451
강우;258;2445
승유;259;2444
상민;260;2430
태환;261;2405
은수;262;2403
선호;263;2390
준원;264;2387
민결;265;2380
정빈;266;2374
태오;267;2368
동혁;268;2359
영우;269;2341
아인;270;2306
유안;271;2304
동규;272;2300
진서;273;2289
태성;274;2264
혜성;275;2259
유성;275;2259
요한;277;2243
성진;278;2225
여준;279;2217
윤건;280;2197
인우;281;2190
태건;282;2187
주형;283;2151
우혁;284;2115
희찬;285;2111
한율;286;2106
하성;287;2097
준범;288;2094
찬민;289;2092
서현;290;2084
정호;291;2068
윤수;292;2066
민제;293;2052
성호;294;2051
인성;295;2042
건후;296;2031
경준;297;2029
희준;298;2027
상준;299;2022
승혁;300;2016
재이;301;2015
태원;302;2009
준민;303;2005
재율;304;1997
민승;305;1987
태웅;306;1986
채민;307;1984
한울;308;1981
승헌;308;1981
재성;310;1977
시준;311;1973
진영;312;1967
환희;313;1950
선율;314;1939
호연;315;1926
세윤;315;1926
승기;317;1903
세진;318;1893
성재;319;1890
태하;320;1878
주성;321;1877
호영;322;1860
가람;323;1854
다원;324;1837
찬율;325;1831
현규;326;1827
규원;327;1806
이한;328;1796
연후;329;1790
현욱;330;1789
준하;331;1777
시영;332;1773
희성;333;1761
정윤;334;1751
진욱;334;1751
지윤;336;1739
창민;337;1734
지온;338;1733
지섭;339;1725
해준;340;1721
정환;341;1719
민;342;1717
건율;343;1700
은재;344;1697
찬혁;345;1693
동연;346;1677
유하;347;1673
노아;348;1672
성찬;349;1664
세민;350;1663
서빈;351;1656
우석;352;1654
영훈;353;1634
도형;354;1626
준기;355;1622
윤준;356;1613
지석;357;1612
로이;358;1608
인호;359;1603
은후;360;1600
명준;361;1591
상훈;362;1587
기현;363;1586
수빈;364;1569
재형;365;1560
아준;366;1559
해성;366;1559
민후;368;1532
진성;369;1529
주하;370;1527
시언;371;1526
시형;372;1509
상원;373;1507
태연;374;1505
도건;375;1503
재인;376;1498
준휘;377;1491
동민;378;1489
한준;379;1485
다니엘;380;1476
기범;380;1476
주헌;382;1475
재용;383;1466
수환;384;1465
원;385;1461
태규;386;1457
선재;387;1443
영재;388;1442
영진;389;1440
주찬;389;1440
지수;391;1429
동호;392;1424
우재;393;1420
승범;394;1419
동원;395;1405
한별;396;1399
건영;397;1392
진;398;1390
승연;399;1389
도헌;400;1379
한솔;401;1374
유담;402;1370
예건;403;1363
환;404;1360
은결;405;1351
민율;406;1348
민욱;407;1346
지헌;408;1323
석준;409;1319
준모;410;1317
현재;411;1313
결;412;1310
강;413;1305
이수;414;1301
재범;415;1299
리안;415;1299
재환;417;1297
찬유;417;1297
호윤;419;1283
해솔;420;1277
태희;421;1273
건하;422;1265
상혁;423;1263
성욱;424;1261
영찬;425;1258
동환;425;1258
진원;427;1243
하빈;428;1242
준환;429;1241
재욱;430;1239
경훈;431;1236
준상;432;1233
서하;433;1231
하루;434;1228
연수;434;1228
예담;436;1227
수찬;437;1223
도균;438;1220
강준;438;1220
태이;440;1214
훈;441;1209
형우;442;1189
승규;443;1186
재빈;444;1169
도운;445;1168
종혁;445;1168
찬호;447;1166
근우;447;1166
윤혁;449;1164
유신;450;1163
리우;451;1155
범수;452;1153
동주;453;1151
혁준;454;1146
찬빈;454;1146
한빈;456;1140
태빈;457;1133
창현;458;1132
성주;459;1130
혁;460;1122
지현;461;1120
이찬;462;1114
유승;463;1112
겸;464;1111
은규;465;1107
연재;466;1102
희재;467;1098
태완;468;1096
수영;469;1093
병준;470;1092
동휘;471;1090
세영;472;1088
태욱;473;1086
의준;474;1082
관우;475;1079
성환;476;1076
재연;477;1075
재경;478;1073
민영;479;1071
윤석;479;1071
대한;481;1065
선준;482;1064
지유;483;1059
지욱;484;1054
은석;484;1054
성연;486;1050
경빈;487;1049
정욱;488;1041
솔;489;1039
한서;490;1038
보겸;491;1037
인준;492;1036
윤제;493;1034
도빈;494;1021
준용;495;1020
규진;496;1018
희원;497;1013
주언;498;1008
다율;498;1008
영광;500;1003
성하;500;1003
현중;502;1000
형진;503;995
종윤;503;995
채훈;505;993
정혁;506;983
태형;507;982
준오;508;978
진수;509;968
승진;510;967
유겸;511;964
찬서;512;949
종민;513;943
영빈;514;942
의찬;515;940
한;516;938
승하;517;937
종우;518;936
유환;518;936
희수;520;930
호성;520;930
태헌;522;927
채우;523;926
재헌;524;923
원재;525;922
석민;526;917
경원;527;916
승리;528;915
강희;529;904
상욱;530;900
민형;531;897
민섭;532;893
용현;532;893
범진;532;893
준이;535;891
서안;536;888
명진;537;887
예훈;538;886
시혁;539;884
영현;540;881
상진;540;881
원석;542;879
승수;543;876
우민;544;875
현태;545;874
도담;545;874
정연;545;874
이삭;548;872
미르;549;871
형주;549;871
대윤;551;870
로하;552;868
정인;553;866
용우;554;865
유호;555;861
태균;556;858
건민;557;852
요셉;557;852
기훈;559;850
영웅;560;847
지홍;561;844
종원;562;841
선후;562;841
동후;564;840
태겸;565;836
종훈;566;835
유한;567;833
호;568;830
제민;569;827
준표;570;826
원빈;571;825
보성;572;824
인서;573;821
동희;574;816
의진;575;812
리한;576;811
준규;576;811
혜준;578;810
재후;578;810
경호;580;809
진현;581;807
현도;582;805
찬솔;583;804
호현;584;802
다현;585;801
동균;586;798
원호;587;795
재웅;588;794
세인;589;793
하겸;590;792
제이;591;787
민겸;592;786
진석;593;778
승욱;594;777
동근;595;776
다훈;596;774
동영;597;773
형민;597;773
대호;599;772
기윤;599;772
기윤;599;772
슬우;602;771
해찬;603;770
대영;604;763
강윤;605;759
서한;606;754
정진;606;754
동진;606;754
진후;606;754
윤상;610;753
영서;611;747
민균;612;744
재승;613;743
정준;614;742
세찬;615;740
규태;615;740
민국;617;739
우림;618;738
경환;619;737
우솔;620;734
대성;621;733
의현;621;733
도엽;623;729
효재;624;728
근호;624;728
다민;626;727
효민;627;725
민철;627;725
예승;629;724
어진;629;724
준엽;629;724
승언;632;721
두현;633;720
하원;633;720
성율;635;717
단;635;717
지형;635;717
채운;638;714
진형;639;709
대원;640;707
시하;641;705
정수;641;705
도은;643;703
용진;644;699
제현;645;698
주빈;645;698
범서;647;697
태진;647;697
건형;649;693
해인;650;690
로건;651;687
민교;652;686
혁진;653;684
수인;653;684
슬찬;655;683
영호;656;680
하엘;657;676
정운;658;675
경현;659;668
세환;659;668
태산;661;667
선민;662;666
아론;662;666
범;664;664
준섭;665;662
태후;666;659
은유;667;658
기찬;668;656
승엽;669;653
선규;670;650
다빈;670;650
태주;672;649
기태;672;649
채환;674;648
제윤;675;645
무진;676;644
승완;676;644
정재;678;643
수안;679;640
진규;680;638
시유;681;637
현웅;682;632
용재;682;632
기준;684;631
윤오;684;631
석훈;686;630
수한;686;630
우리;686;630
태은;686;630
석원;690;628
다엘;691;626
로빈;691;626
세원;693;622
채윤;694;620
원진;695;617
재아;696;616
태혁;696;616
규연;696;616
필립;699;614
한빛;699;614
성혁;701;613
재완;702;611
제하;703;610
선빈;704;606
세빈;705;602
윤기;705;602
이레;707;600
인혁;708;599
주훈;709;598
광현;710;597
보민;711;595
재진;711;595
도혁;711;595
진하;714;593
동빈;714;593
효성;716;592
병찬;716;592
채준;718;589
성규;718;589
승효;720;588
승한;721;586
시진;721;586
시운;723;585
원영;724;584
리호;725;581
강빈;726;579
강호;727;574
성운;728;568
유석;729;567
채호;730;566
다겸;731;565
종호;732;563
채원;733;561
범석;734;559
이도;734;559
성수;736;558
현종;736;558
도언;738;557
민하;738;557
석진;740;556
한성;740;556
건휘;740;556
상연;740;556
건욱;740;556
효원;745;555
믿음;745;555
도우;747;554
선웅;748;553
규호;748;553
태유;750;552
강산;751;551
도환;752;547
선유;753;545
형석;753;545
정헌;755;544
현기;756;543
용민;757;542
태수;758;541
신;759;540
하담;759;540
희승;761;538
무성;761;538
리온;763;537
서훈;763;537
용훈;763;537
대훈;766;536
루이;767;535
이환;768;533
동화;769;528
경태;769;528
유근;771;527
이담;771;527
강인;771;527
영후;774;526
찬휘;775;525
래원;776;524
채현;777;523
무빈;778;521
민근;779;520
희우;780;518
하음;780;518
민상;782;517
윤민;783;516
빈;784;515
현찬;785;510
휘;786;508
경록;786;508
담;788;506
찬웅;788;506
지상;790;504
상호;791;503
서찬;792;502
루다;792;502
효찬;794;501
찬형;794;501
하영;794;501
희윤;797;500
규성;797;500
영인;797;500
예현;800;499
예현;800;499
지효;802;497
현율;802;497
채완;804;496
상빈;804;496
사무엘;806;495
경찬;807;493
솔민;808;492
동율;809;490
서형;809;490
태서;809;490
은기;812;489
재홍;812;489
승운;814;487
은총;814;487
주용;816;486
윤환;816;486
서환;816;486
용찬;819;485
세연;820;483
진환;820;483
누리;822;481
진율;823;480
원희;824;477
기원;824;477
태강;826;473
인후;826;473
준식;828;472
민권;828;472
병현;830;470
재서;830;470
세호;830;470
윤빈;833;469
인수;834;468
세종;835;467
호빈;835;467
효빈;837;466
신후;837;466
서인;839;464
훤;839;464
우형;841;463
대연;841;463
태용;843;462
마루;843;462
주윤;843;462
수완;846;460
보현;847;459
경모;848;458
희건;849;457
영주;849;457
석우;851;455
장우;851;455
강유;853;454
영석;854;453
정안;855;450
동해;856;449
휘성;857;448
동찬;857;448
규범;859;447
선;860;446
호재;860;446
영환;860;446
상헌;863;445
유;863;445
병훈;865;444
현오;865;444
용하;867;443
동은;867;443
광민;869;442
수;870;441
인규;870;441
명재;872;438
인찬;872;438
세웅;874;437
진모;875;436
도한;875;436
성은;877;435
중현;877;435
도완;877;435
대경;880;432
대환;881;431
리오;881;431
민솔;883;430
해민;883;430
민구;885;429
윤겸;886;428
이솔;886;428
다윤;888;427
채율;889;426
인하;890;425
경수;891;423
동완;891;423
수오;891;423
찬욱;894;422
태온;895;421
태운;896;417
리환;896;417
승건;898;416
재유;898;416
재석;898;416
해온;901;415
용빈;902;414
호민;902;414
태한;904;413
연성;904;413
도후;906;411
기주;907;410
다인;908;409
서혁;909;408
예강;909;408
홍준;911;407
대희;912;406
지찬;912;406
현후;914;405
강훈;914;405
이건;914;405
레오;917;404
호찬;917;404
장현;917;404
주연;920;403
이서;920;403
진유;922;402
동헌;923;400
해원;923;400
시찬;925;399
성후;926;397
종하;926;397
제원;928;396
근영;928;396
세혁;930;394
이루;931;393
준명;931;393
태랑;931;393
예한;931;393
무경;931;393
시연;936;392
찬규;936;392
진웅;936;392
성모;939;391
은상;939;391
현동;941;390
용호;942;388
원혁;942;388
동엽;944;387
상후;944;387
대건;946;384
규환;946;384
지빈;948;383
해윤;948;383
건웅;948;383
재겸;948;383
루하;948;383
하운;953;381
현제;953;381
호원;953;381
온;956;379
제우;956;379
휘준;956;379
석빈;956;379
규담;960;378
경진;960;378
기환;960;378
세헌;963;376
치우;963;376
민환;963;376
제훈;966;375
장원;966;375
해담;968;373
서온;968;373
현식;970;372
휘찬;971;371
동재;972;370
예환;972;370
창우;974;369
준아;974;369
해진;974;369
재휘;977;368
준한;977;368
이헌;979;367
준재;980;366
기민;981;365
영욱;982;364
진오;983;363
로한;983;363
윤형;985;362
하승;985;362
강후;985;362
석주;985;362
세율;985;362
상율;985;362
하울;991;361
권;992;360
한겸;993;359
명훈;993;359
태림;995;357
창희;995;357
도;997;356
찬이;997;356
세온;997;356
성범;997;356
성범;997;356
서완;1002;355
원찬;1003;354
정찬;1003;354
민식;1005;353
동인;1005;353
범규;1007;352
준경;1008;351
민용;1008;351
영수;1008;351
유노;1011;350
규하;1011;350
창준;1011;350
원규;1011;350
하임;1015;348
현섭;1015;348
강율;1017;346
도휘;1017;346
민범;1017;346
민종;1017;346
리후;1021;345
우경;1021;345
현모;1021;345
규영;1024;344
송현;1024;344
상엽;1024;344
은택;1024;344
윤하;1028;342
승제;1029;340
가을;1030;339
다운;1030;339
형찬;1032;338
혁주;1032;338
윤태;1034;337
석영;1034;337
종찬;1034;337
훈민;1034;337
윤규;1038;336
승휘;1038;336
도유;1040;335
재찬;1041;333
형빈;1042;332
찬준;1043;329
석호;1043;329
우람;1043;329
무겸;1046;326
태범;1046;326
요엘;1046;326
희상;1046;326
기성;1050;325
다솔;1050;325
은빈;1050;325
준빈;1050;325
준연;1054;324
사랑;1054;324
형욱;1056;323
세하;1056;323
다윗;1056;323
진명;1056;323
용주;1060;322
종빈;1061;321
윤섭;1062;320
진용;1062;320
호수;1062;320
소율;1065;319
창빈;1065;319
재익;1065;319
수원;1068;318
지태;1069;317
해율;1069;317
동운;1071;316
강혁;1072;315
권우;1072;315
재운;1072;315
기영;1075;314
리원;1075;314
선욱;1077;313
민중;1077;313
창훈;1077;313
세한;1080;312
재한;1080;312
종욱;1082;311
윤승;1082;311
성용;1082;311
동한;1082;311
라윤;1086;310
은섭;1086;310
승희;1088;309
종인;1088;309
수하;1088;309
화랑;1091;308
하언;1091;308
승표;1091;308
준열;1094;306
소망;1094;306
태휘;1094;306
하경;1097;305
승용;1098;304
민채;1099;303
민강;1099;303
민강;1099;303
래현;1102;302
정;1102;302
라현;1104;301
완;1104;301
한음;1104;301
한영;1107;300
수겸;1107;300
석환;1109;298
형규;1110;297
동률;1110;297
예율;1112;295
이언;1112;295
윤슬;1114;294
병우;1114;294
연석;1114;294
제영;1117;293
규찬;1117;293
우겸;1117;293
수형;1117;293
준선;1117;293
일우;1117;293
제희;1123;292
민주;1123;292
승율;1123;292
태정;1126;291
진헌;1127;290
병민;1127;290
남규;1129;289
다한;1129;289
라엘;1129;289
태리;1132;288
윤진;1132;288
재상;1134;287
찬수;1135;285
수연;1135;285
진솔;1135;285
정완;1135;285
운찬;1139;283
주은;1140;282
호경;1140;282
건률;1140;282
경윤;1143;281
로아;1144;280
성제;1144;280
지명;1144;280
예안;1147;279
은오;1148;278
준홍;1148;278
권율;1150;277
지산;1150;277
연서;1152;276
유원;1152;276
병윤;1152;276
별;1152;276
효승;1152;276
태석;1152;276
준승;1158;275
가빈;1158;275
이산;1158;275
보검;1158;275
건아;1162;274
건이;1162;274
용성;1164;273
민진;1164;273
유상;1166;272
병호;1166;272
예온;1166;272
범찬;1166;272
문성;1170;271
운;1170;271
명현;1170;271
남우;1170;271
동권;1174;270
규혁;1174;270
주승;1174;270
헌;1174;270
승오;1178;269
효석;1179;268
호승;1179;268
병주;1179;268
백호;1179;268
상범;1183;267
유태;1183;267
주엽;1183;267
남준;1183;267
강찬;1187;266
대겸;1188;265
승모;1188;265
지언;1190;264
유수;1190;264
원율;1190;264
승균;1193;263
성균;1193;263
태언;1193;263
라율;1196;262
희민;1196;262
한주;1198;261
예람;1198;261
한선;1198;261
수윤;1201;260
무현;1201;260
정규;1201;260
시욱;1204;259
태섭;1204;259
찬진;1204;259
희율;1207;258
의성;1207;258
민현;1207;258
승철;1207;258
보석;1211;257
태승;1211;257
현택;1211;257
유완;1211;257
영운;1215;256
이룸;1215;256
별하;1215;256
태근;1215;256
종환;1215;256
찬현;1220;255
은겸;1220;255
지담;1220;255
보승;1223;254
정율;1223;254
현채;1223;254
해든;1223;254
은서;1227;253
경률;1227;253
찬열;1227;253
찬주;1227;253
문수;1227;253
한민;1232;252
아성;1232;252
현겸;1234;251
성일;1234;251
안;1236;250
종연;1236;250
바다;1236;250
신혁;1236;250
동언;1240;249
로윤;1240;249
종범;1242;248
무영;1242;248
석찬;1242;248
호석;1242;248
루빈;1242;248
아민;1247;246
다호;1247;246
재오;1247;246
병욱;1247;246
기웅;1251;245
하균;1251;245
후;1251;245
호건;1251;245
신유;1255;244
경우;1255;244
형서;1255;244
한희;1255;244
민유;1259;243
은률;1259;243
설;1259;243
석희;1259;243
에녹;1263;242
보경;1263;242
유주;1263;242
진표;1263;242
산하;1263;242
수범;1263;242
우승;1263;242
우연;1270;241
경서;1270;241
담우;1270;241
승태;1270;241
재은;1274;240
태일;1274;240
주율;1274;240
수성;1274;240
하현;1274;240
성헌;1279;239
아진;1279;239
건혁;1281;238
동수;1281;238
리현;1281;238
현근;1281;238
준일;1281;238
준태;1286;237
아람;1286;237
한승;1286;237
수훈;1286;237
효진;1286;237
명규;1286;237
하림;1292;236
채성;1292;236
찬용;1292;236
상운;1292;236
성태;1292;236
부건;1292;236
순우;1298;235
제준;1298;235
병헌;1298;235
병헌;1298;235
명호;1302;234
우정;1302;234
민창;1302;234
예하;1305;233
이겸;1305;233
경욱;1305;233
윤도;1308;232
이재;1308;232
현구;1310;231
다올;1311;230
신율;1311;230
루한;1313;229
영하;1313;229
규헌;1315;228
민관;1315;228
정효;1315;228
연욱;1318;227
기백;1318;227
나율;1318;227
준협;1321;226
동유;1322;225
은솔;1322;225
형원;1322;225
든;1325;224
수용;1325;224
리건;1325;224
윤철;1325;224
여름;1325;224
라원;1330;223
용수;1330;223
기호;1330;223
상은;1330;223
철민;1334;222
휘서;1334;222
주명;1336;221
재건;1336;221
모건;1338;220
우섭;1338;220
영원;1338;220
민오;1341;219
근형;1341;219
도민;1341;219
성한;1341;219
정주;1345;218
성;1345;218
주열;1345;218
태린;1348;217
시열;1348;217
종석;1348;217
우인;1351;216
윤영;1351;216
재정;1351;216
래오;1351;216
채빈;1351;216
예겸;1351;216
해강;1357;215
보근;1357;215
지인;1357;215
윤식;1357;215
서언;1357;215
준화;1362;214
도일;1362;214
용희;1364;213
채혁;1364;213
건오;1364;213
희제;1367;212
명우;1367;212
부겸;1367;212
세운;1367;212
희태;1367;212
교빈;1367;212
태관;1367;212
인;1374;211
창윤;1374;211
시한;1374;211
대규;1377;210
진한;1377;210
규한;1377;210
진홍;1377;210
희서;1377;210
기연;1382;209
윤범;1382;209
윤결;1382;209
율찬;1382;209
우제;1382;209
예호;1387;208
병규;1387;208
승화;1387;208
용석;1387;208
정범;1387;208
도아;1392;207
명성;1392;207
장호;1392;207
관호;1392;207
하선;1392;207
태권;1397;206
기문;1397;206
노엘;1397;206
명환;1400;205
연규;1400;205
찬슬;1400;205
영윤;1403;204
승일;1403;204
성엽;1403;204
창호;1406;203
장훈;1406;203
루안;1406;203
호림;1406;203
문규;1410;202
세중;1410;202
준헌;1410;202
건준;1413;201
재선;1413;201
정석;1413;201
찬윤;1416;200
주민;1416;200
서휘;1416;200
연승;1419;199
대웅;1419;199
힘찬;1419;199
두영;1419;199
정하;1419;199
희철;1424;198
정희;1424;198
한이;1424;198
효근;1424;198
세형;1424;198
용원;1424;198
오현;1424;198
연오;1431;197
윤솔;1431;197
원기;1431;197
종서;1434;196
시오;1434;196
정모;1434;196
동국;1434;196
푸름;1434;196
종수;1434;196
유재;1440;195
수홍;1440;195
종헌;1440;195
장혁;1443;194
태곤;1443;194
선오;1443;194
다준;1443;194
승택;1443;194
한규;1443;194
동기;1443;194
준겸;1443;194
영제;1451;193
예서;1451;193
영록;1451;193
승안;1451;193
연제;1455;192
용환;1455;192
래온;1455;192
선진;1455;192
리암;1455;192
현일;1455;192
영;1455;192
성철;1455;192
단율;1455;192
혜찬;1464;191
병진;1464;191
성근;1464;191
진섭;1467;190
남현;1467;190
하은;1467;190
경석;1470;188
희범;1470;188
정엽;1470;188
재권;1470;188
라준;1474;187
신욱;1474;187
서헌;1474;187
수아;1474;187
윤구;1474;187
승열;1474;187
해랑;1480;186
주석;1480;186
명수;1482;185
원형;1482;185
명찬;1482;185
명근;1482;185
기율;1482;185
재엽;1482;185
유온;1488;184
봄;1488;184
테오;1488;184
담현;1488;184
재강;1492;183
도희;1492;183
하린;1492;183
순호;1492;183
준구;1492;183
나단;1492;183
노을;1492;183
성웅;1499;182
찬하;1499;182
찬하;1499;182
수헌;1499;182
종은;1503;181
범주;1503;181
원태;1503;181
건일;1503;181
근후;1507;180
예일;1507;180
희도;1507;180
명민;1507;180
준의;1507;180
률;1512;179
은표;1512;179
소명;1512;179
제연;1512;179
우담;1516;178
호정;1516;178
정웅;1516;178
동관;1516;178
준교;1516;178
진희;1521;177
설민;1521;177
가율;1521;177
한진;1521;177
부경;1521;177
영도;1521;177
이원;1521;177
경재;1528;176
치원;1528;176
태선;1528;176
현명;1528;176
시경;1528;176
현희;1533;175
용욱;1533;175
무준;1533;175
정무;1533;175
도규;1533;175
은교;1533;175
은제;1533;175
담율;1533;175
동석;1533;175
영기;1542;174
해승;1542;174
소울;1542;174
유비;1545;173
현솔;1545;173
원민;1545;173
기우;1545;173
기쁨;1549;172
휘영;1549;172
상언;1549;172
환준;1552;171
은환;1552;171
예권;1552;171
남훈;1552;171
재효;1552;171
다성;1552;171
서로;1552;171
병건;1552;171
인환;1552;171
주오;1552;171
연;1562;170
도근;1562;170
찬양;1562;170
도욱;1562;170
상규;1562;170
본준;1562;170
두원;1568;169
제호;1568;169
율호;1568;169
재언;1568;169
주온;1572;168
재명;1572;168
서범;1572;168
범희;1572;168
재근;1576;167
석윤;1576;167
세범;1576;167
우철;1576;167
백현;1576;167
기혁;1576;167
효건;1576;167
익현;1583;166
덕현;1583;166
태홍;1583;166
치훈;1583;166
혜민;1583;166
아윤;1588;165
예섭;1588;165
선균;1588;165
현철;1588;165
은민;1592;164
정근;1592;164
진훈;1592;164
무건;1592;164
우;1592;164
철우;1592;164
홍석;1598;163
인석;1598;163
재열;1598;163
홍석;1598;163
영건;1598;163
현범;1603;162
채범;1603;162
명석;1603;162
창욱;1603;162
강한;1603;162
오성;1603;162
희망;1603;162
신영;1603;162
재중;1611;161
승;1611;161
윤종;1611;161
웅;1611;161
치현;1611;161
대은;1611;161
영채;1611;161
상희;1611;161
충현;1619;160
혁민;1619;160
연찬;1619;160
승영;1619;160
현균;1619;160
승겸;1619;160
이랑;1625;159
효인;1625;159
기량;1625;159
예닮;1625;159
광호;1625;159
학준;1630;158
경도;1630;158
인영;1630;158
제아;1630;158
효섭;1630;158
예원;1635;157
지음;1635;157
혁찬;1635;157
서유;1635;157
찬성;1635;157
송민;1635;157
원후;1635;157
인태;1642;156
규형;1642;156
관영;1642;156
제율;1642;156
민웅;1642;156
문기;1642;156
윤채;1642;156
이엘;1649;155
상수;1649;155
동명;1649;155
윤택;1649;155
채헌;1653;154
정명;1653;154
효우;1653;154
평안;1653;154
영규;1653;154
강은;1653;154
기정;1653;154
수종;1660;153
원서;1660;153
중원;1660;153
룩;1660;153
한수;1660;153
종건;1660;153
이완;1660;153
제혁;1660;153
정태;1660;153
동아;1669;152
서웅;1669;152
윤한;1669;152
설우;1669;152
의겸;1669;152
정서;1669;152
현담;1669;152
서영;1669;152
시아;1669;152
에이든;1669;152
승권;1679;151
선혁;1679;151
종후;1679;151
제성;1679;151
윤현;1683;150
홍민;1683;150
병철;1683;150
용;1683;150
세용;1683;150
연진;1683;150
서겸;1683;150
요섭;1683;150
명원;1691;149
희주;1691;149
솔찬;1693;148
성문;1693;148
동성;1693;148
창환;1693;148
정섭;1693;148
기석;1698;147
치호;1698;147
유솔;1698;147
찬홍;1698;147
도이;1698;147
선제;1698;147
제형;1698;147
유솔;1698;147
다울;1706;146
승채;1706;146
시웅;1706;146
종진;1706;146
기용;1706;146
재림;1706;146
태식;1706;146
태화;1706;146
윤모;1706;146
시은;1706;146
경한;1716;145
바울;1716;145
성휘;1716;145
용범;1716;145
제후;1716;145
재균;1716;145
인재;1716;145
강욱;1716;145
아율;1716;145
승조;1725;144
가원;1725;144
재백;1725;144
한비;1725;144
하륜;1729;143
창수;1729;143
로원;1729;143
주노;1729;143
성록;1729;143
지강;1734;142
예범;1734;142
치윤;1734;142
범기;1734;142
루오;1734;142
성완;1734;142
율빈;1734;142
산희;1734;142
우열;1742;141
종운;1742;141
예중;1742;141
본우;1742;141
강모;1742;141
지황;1742;141
상유;1742;141
석규;1749;140
주상;1749;140
대혁;1749;140
영균;1749;140
평강;1749;140
규동;1749;140
은철;1749;140
정흠;1749;140
홍기;1757;139
호세;1757;139
효상;1757;139
진구;1757;139
제이든;1757;139
성열;1757;139
원일;1757;139
상협;1764;138
용운;1764;138
선용;1764;138
형근;1764;138
상명;1764;138
상효;1764;138
지영;1764;138
여민;1764;138
도협;1764;138
가현;1773;137
현교;1773;137
용규;1773;137
나엘;1773;137
이강;1773;137
형호;1773;137
광희;1773;137
은;1773;137
택연;1781;136
경완;1781;136
근혁;1781;136
지건;1781;136
준언;1781;136
병수;1781;136
영범;1781;136
한슬;1781;136
경주;1789;135
희섭;1789;135
기완;1789;135
유강;1789;135
윤권;1789;135
리완;1789;135
반석;1789;135
모세;1789;135
두연;1789;135
우원;1789;135
승은;1789;135
은중;1800;134
준택;1800;134
규완;1800;134
두리;1800;134
은산;1800;134
규상;1805;133
기욱;1805;133
서연;1805;133
창혁;1805;133
율하;1805;133
강연;1805;133
유범;1805;133
호근;1805;133
종화;1805;133
건도;1805;133
준학;1805;133
권희;1816;132
경인;1816;132
승학;1816;132
무결;1816;132
요환;1816;132
용휘;1816;132
인철;1816;132
영성;1816;132
다함;1816;132
용후;1825;131
호율;1825;131
영태;1825;131
새벽;1825;131
건태;1825;131
호용;1825;131
동경;1825;131
루아;1825;131
교현;1825;131
부성;1825;131
규준;1825;131
율희;1836;130
성희;1836;130
한유;1836;130
이람;1836;130
관희;1836;130
주경;1836;130
다빛;1836;130
성언;1836;130
찬일;1836;130
은강;1836;130
종휘;1836;130
백준;1836;130
동일;1848;129
휘승;1848;129
호균;1848;129
예후;1848;129
기헌;1848;129
찬의;1848;129
지훤;1848;129
선홍;1848;129
동섭;1848;129
탄;1848;129
윤원;1858;128
소원;1858;128
로현;1858;128
창진;1858;128
유로;1858;128
종성;1858;128
현용;1858;128
상영;1858;128
현상;1866;127
교준;1866;127
이룬;1866;127
승구;1869;126
문경;1869;126
구현;1869;126
바론;1872;125
준효;1872;125
오윤;1872;125
상화;1872;125
윤중;1872;125
준건;1872;125
제인;1872;125
무열;1879;124
제욱;1879;124
산들;1879;124
예근;1879;124
경율;1879;124
우창;1879;124
경섭;1879;124
우태;1879;124
남호;1879;124
화평;1879;124
나루;1879;124
효제;1890;123
범근;1890;123
주홍;1890;123
중호;1890;123
진언;1890;123
예헌;1890;123
진휘;1890;123
은열;1890;123
원제;1890;123
민엽;1890;123
준익;1890;123
경문;1890;123
정음;1890;123
원제;1890;123
주홍;1890;123
이정;1890;123
진휘;1890;123
우신;1907;122
현덕;1907;122
승록;1907;122
호인;1907;122
건용;1907;122
준율;1907;122
그루;1907;122
강휘;1907;122
건주;1915;121
두호;1915;121
우상;1915;121
태상;1915;121
규석;1915;121
강건;1915;121
택현;1915;121
하주;1915;121
지서;1923;120
이선;1923;120
천우;1923;120
성국;1923;120
현유;1923;120
인욱;1923;120
한얼;1923;120
석;1923;120
우종;1923;120
형섭;1923;120
성오;1933;119
도권;1933;119
하리;1933;119
도호;1933;119
명서;1933;119
상휘;1933;119
준완;1933;119
명균;1940;118
훈석;1940;118
찬석;1940;118
진운;1940;118
현조;1940;118
성식;1940;118
차민;1940;118
종한;1947;117
세욱;1947;117
여찬;1947;117
정균;1947;117
찬울;1947;117
환이;1947;117
욱;1947;117
은휼;1954;116
호겸;1954;116
성인;1954;116
경탁;1954;116
은식;1954;116
강원;1954;116
진민;1954;116
의재;1954;116
앤드류;1954;116
현세;1954;116
해수;1954;116
권호;1965;115
리윤;1965;115
유인;1965;115
한률;1965;115
예석;1965;115
병권;1965;115
규선;1965;115
효담;1965;115
병관;1965;115
재규;1965;115
하연;1965;115
의연;1965;115
동형;1965;115
민태;1978;114
서경;1978;114
루민;1978;114
태안;1978;114
현탁;1978;114
휘원;1978;114
은효;1978;114
건모;1978;114
율원;1986;113
환호;1986;113
다혁;1986;113
정용;1986;113
성영;1986;113
진건;1986;113
영일;1986;113
보윤;1986;113
혁수;1986;113
현영;1986;113
서균;1986;113
대용;1997;112
휘윤;1997;112
인범;1997;112
찬승;1997;112
남윤;1997;112
찬승;1997;112
승근;1997;112
대용;1997;112
인범;1997;112
원섭;1997;112
의석;2007;111
산호;2007;111
호선;2007;111
서담;2007;111
호형;2007;111
창연;2012;110
라운;2012;110
국현;2012;110
명섭;2012;110
경;2012;110
예빈;2012;110
형식;2012;110
채진;2012;110
규인;2012;110
이로;2021;109
창범;2021;109
유철;2021;109
가민;2021;109
서주;2021;109
은범;2021;109
윤근;2021;109
호중;2021;109
호태;2021;109
준철;2021;109
대헌;2021;109
홍찬;2032;108
이진;2032;108
성효;2032;108
인겸;2032;108
창규;2032;108
솔빈;2032;108
건유;2032;108
홍재;2032;108
아현;2040;107
보규;2040;107
하솔;2040;107
석범;2040;107
무혁;2040;107
승온;2040;107
동오;2040;107
희;2040;107
서욱;2040;107
승지;2040;107
진기;2050;106
원종;2050;106
성무;2050;106
다움;2050;106
원겸;2050;106
다건;2050;106
산이;2050;106
채하;2050;106
희권;2050;106
단유;2059;105
휘수;2059;105
현이;2059;105
도열;2059;105
혁빈;2059;105
성유;2059;105
광훈;2059;105
환서;2059;105
희담;2059;105
우수;2059;105
라호;2059;105
지백;2059;105
용기;2071;104
유영;2071;104
대진;2071;104
마음;2071;104
호범;2071;104
명철;2071;104
한경;2071;104
민한;2071;104
예랑;2071;104
의담;2071;104
나우;2071;104
교진;2071;104
영한;2071;104
상하;2071;104
해일;2071;104
훈희;2071;104
휘건;2087;103
영헌;2087;103
효신;2087;103
해리;2087;103
혁재;2087;103
서용;2087;103
대우;2087;103
의빈;2087;103
선엽;2087;103
휘재;2087;103
민세;2087;103
지솔;2087;103
재광;2087;103
찬식;2087;103
두진;2101;102
채영;2101;102
제헌;2101;102
경규;2101;102
제환;2101;102
남혁;2101;102
이연;2101;102
진태;2101;102
영권;2101;102
한중;2101;102
건빈;2101;102
재학;2101;102
성화;2101;102
대휘;2101;102
정기;2101;102
희온;2101;102
기하;2117;101
휘상;2117;101
성률;2117;101
원경;2117;101
익준;2117;101
주;2117;101
라임;2117;101
조이;2117;101
래윤;2117;101
상;2126;100
규람;2126;100
해건;2126;100
우린;2126;100
성권;2126;100
태풍;2126;100
규식;2126;100
의선;2126;100
샘;2126;100
유림;2126;100
유천;2126;100
주우;2126;100
유혁;2126;100
하건;2126;100
민선;2126;100
재온;2126;100
현무;2126;100
예종;2126;100
대율;2144;99
초원;2144;99
태종;2144;99
문찬;2144;99
용태;2144;99
루카;2144;99
부민;2144;99
효중;2144;99
재문;2144;99
다을;2144;99
상인;2154;98
도성;2154;98
윤담;2154;98
연웅;2154;98
현선;2154;98
선중;2154;98
상록;2154;98
태광;2154;98
세완;2154;98
원상;2163;97
주선;2163;97
원식;2163;97
의영;2163;97
상일;2163;97
광수;2163;97
현주;2163;97
경헌;2163;97
한샘;2163;97
영조;2163;97
카이;2163;97
상재;2163;97
재화;2163;97
시엘;2163;97
성안;2163;97
찬오;2163;97
차윤;2179;96
해밀;2179;96
재관;2179;96
철현;2179;96
종율;2179;96
관후;2179;96
유지;2179;96
규림;2179;96
조슈아;2179;96
현창;2188;95
대운;2188;95
로준;2188;95
푸른;2188;95
규안;2188;95
문혁;2188;95
교민;2188;95
인섭;2188;95
현건;2188;95
기담;2188;95
의민;2188;95
원중;2199;94
드림;2199;94
동겸;2199;94
동효;2199;94
류하;2199;94
여훈;2199;94
동범;2199;94
원중;2199;94
드림;2199;94
시울;2199;94
원철;2199;94
중혁;2199;94
승협;2199;94
규서;2199;94
승관;2213;93
늘;2213;93
여울;2213;93
헌재;2213;93
두환;2213;93
휘민;2213;93
용대;2213;93
운성;2213;93
희창;2213;93
리하;2213;93
의정;2213;93
건규;2213;93
경일;2213;93
서홍;2213;93
지구;2213;93
자윤;2213;93
금성;2213;93
용건;2213;93
상철;2213;93
웅찬;2213;93
희락;2213;93
휘연;2234;92
경근;2234;92
순혁;2234;92
솔우;2234;92
한길;2234;92
원욱;2234;92
찬원;2234;92
상경;2234;92
온율;2234;92
병재;2234;92
우택;2244;91
강률;2244;91
창성;2244;91
홍주;2244;91
리준;2244;91
예윤;2244;91
명관;2244;91
유일;2244;91
강석;2244;91
문석;2244;91
담희;2244;91
호산;2244;91
철;2244;91
철호;2244;91
동열;2258;90
호열;2258;90
찬범;2258;90
서희;2258;90
영철;2258;90
보담;2258;90
세움;2258;90
성광;2258;90
종선;2258;90
순범;2258;90
보람;2258;90
오름;2258;90
인기;2258;90
랑;2258;90
치영;2258;90
은종;2273;89
호담;2273;89
태령;2273;89
케빈;2273;89
완희;2273;89
성결;2273;89
형윤;2273;89
명건;2273;89
성관;2273;89
승아;2273;89
호은;2273;89
유엘;2273;89
한석;2273;89
로희;2273;89
경운;2273;89
비오;2273;89
경택;2273;89
명;2290;88
영근;2290;88
국;2290;88
해빈;2290;88
희강;2290;88
유권;2290;88
세주;2296;87
형선;2296;87
해람;2296;87
문준;2296;87
찬기;2296;87
강이;2296;87
문준;2296;87
성종;2296;87
아빈;2296;87
이음;2296;87
비;2296;87
창하;2296;87
기동;2296;87
찬기;2296;87
형선;2296;87
해람;2296;87
은태;2296;87
엘;2313;86
류현;2313;86
의윤;2313;86
성겸;2313;86
진교;2313;86
세강;2313;86
형기;2313;86
권민;2313;86
제용;2313;86
차율;2313;86
기은;2313;86
희웅;2313;86
광재;2325;85
대욱;2325;85
택민;2325;85
광진;2325;85
경덕;2325;85
대준;2325;85
하라;2325;85
희진;2325;85
승교;2325;85
조영;2325;85
성경;2325;85
윤동;2325;85
호철;2325;85
견우;2338;84
근태;2338;84
의서;2338;84
은현;2338;84
의환;2338;84
재안;2338;84
민택;2338;84
세건;2338;84
정식;2338;84
경후;2338;84
경식;2338;84
화준;2338;84
용선;2338;84
건무;2338;84
대수;2338;84
이우;2338;84
희영;2338;84
제승;2355;83
수진;2355;83
라이언;2355;83
동협;2355;83
홍빈;2355;83
순찬;2355;83
민조;2355;83
라울;2355;83
두준;2355;83
희석;2355;83
알렉스;2355;83
나현;2355;83
승인;2355;83
해환;2355;83
태검;2355;83
해영;2355;83
진겸;2355;83
승보;2355;83
대승;2373;82
규언;2373;82
휘경;2373;82
인선;2373;82
루호;2373;82
혜강;2373;82
평화;2373;82
창영;2373;82
하유;2373;82
우식;2382;81
벤자민;2382;81
채욱;2382;81
루현;2382;81
본;2382;81
상기;2382;81
성건;2382;81
용제;2382;81
수웅;2382;81
성보;2382;81
조한;2382;81
조은;2382;81
창용;2382;81
종명;2382;81
채웅;2396;80
준회;2396;80
수언;2396;80
소준;2396;80
재국;2396;80
진효;2396;80
소준;2396;80
준회;2396;80
보건;2396;80
영선;2396;80
은별;2396;80
라일;2396;80
남기;2396;80
수언;2396;80
범호;2396;80
건훈;2411;79
슬옹;2411;79
근원;2411;79
정의;2411;79
원택;2411;79
희중;2411;79
경하;2411;79
종희;2411;79
규승;2411;79
자운;2411;79
진온;2411;79
진선;2411;79
진완;2411;79
레;2411;79
준안;2411;79
제경;2411;79
남경;2411;79
영승;2411;79
호제;2411;79
헌우;2411;79
여원;2431;78
건효;2431;78
정언;2431;78
규남;2431;78
로율;2431;78
율건;2431;78
브라이언;2431;78
혁규;2431;78
륜;2431;78
우건;2431;78
승렬;2431;78
재동;2431;78
남율;2431;78
효서;2431;78
병서;2431;78
유우;2431;78
민훈;2431;78
성배;2431;78
레이;2431;78
수열;2431;78
대균;2431;78
규도;2431;78
인율;2431;78
상건;2454;77
알렉산더;2454;77
이율;2454;77
효영;2454;77
현보;2454;77
대근;2454;77
루리;2454;77
종완;2454;77
병국;2454;77
희훈;2454;77
종규;2454;77
수근;2454;77
윤교;2454;77
창인;2454;77
규은;2454;77
영탁;2454;77
예완;2454;77
준근;2454;77
민홍;2454;77
휘겸;2473;76
경무;2473;76
대찬;2473;76
창석;2473;76
조엘;2473;76
소민;2473;76
재일;2473;76
관용;2473;76
정택;2473;76
상오;2473;76
윤창;2473;76
자민;2473;76
선윤;2473;76
하서;2473;76
세경;2487;75
인교;2487;75
권준;2487;75
현결;2487;75
경은;2487;75
제임스;2487;75
희겸;2487;75
대형;2487;75
찬종;2487;75
휘진;2487;75
영래;2487;75
기수;2487;75
진권;2487;75
루원;2487;75
선주;2487;75
찬종;2487;75
순민;2487;75
이훈;2487;75
기빈;2487;75
세경;2487;75
채건;2487;75
이래;2508;74
단후;2508;74
영식;2508;74
예인;2508;74
채오;2508;74
희현;2508;74
금;2508;74
효겸;2508;74
정오;2508;74
경오;2508;74
동익;2508;74
연태;2508;74
영상;2508;74
경목;2508;74
강운;2508;74
나무;2508;74
태찬;2508;74
성중;2508;74
용은;2508;74
주진;2508;74
윤표;2508;74
석재;2508;74
시민;2508;74
명기;2508;74
바름;2508;74
진재;2533;73
규온;2533;73
다헌;2533;73
택준;2533;73
선명;2533;73
희동;2533;73
병희;2533;73
상용;2533;73
라함;2533;73
유창;2533;73
선하;2533;73
윤학;2533;73
곤;2533;73
유정;2533;73
한호;2533;73
선일;2533;73
이호;2549;72
승필;2549;72
지광;2549;72
재령;2549;72
영휘;2549;72
태기;2549;72
라훈;2549;72
준세;2549;72
나준;2549;72
영택;2549;72
서강;2549;72
재황;2549;72
해우;2549;72
태효;2549;72
성필;2549;72
대엽;2549;72
레온;2549;72
설호;2549;72
찬엽;2549;72
동선;2549;72
찬별;2549;72
근석;2570;71
진리;2570;71
두희;2570;71
주엘;2570;71
우중;2570;71
우선;2570;71
강일;2570;71
다일;2570;71
하이;2570;71
보빈;2570;71
서오;2570;71
창주;2570;71
하다;2570;71
필준;2570;71
규;2570;71
성지;2570;71
은조;2570;71
훈서;2587;70
아서;2587;70
은형;2587;70
윤조;2587;70
라익;2587;70
원주;2587;70
영대;2587;70
나혁;2587;70
여명;2587;70
경필;2587;70
해;2587;70
준보;2587;70
대권;2587;70
선종;2587;70
영대;2587;70
선종;2587;70
아서;2587;70
정제;2587;70
원하;2587;70
민효;2587;70
해;2587;70
여명;2587;70
하을;2609;69
용연;2609;69
해서;2609;69
욱진;2609;69
대인;2609;69
다우;2609;69
치후;2609;69
민률;2609;69
필규;2609;69
홍규;2609;69
경범;2609;69
재덕;2609;69
구윤;2609;69
유마;2609;69
강진;2609;69
래호;2609;69
재신;2609;69
철희;2609;69
진엽;2609;69
정휘;2609;69
병선;2609;69
운혁;2609;69
세담;2631;68
보배;2631;68
경표;2631;68
영완;2631;68
선휘;2631;68
유은;2631;68
신호;2631;68
희운;2631;68
학윤;2631;68
용인;2631;68
중기;2631;68
중훈;2631;68
슬기;2631;68
경철;2631;68
백찬;2631;68
자현;2631;68
아랑;2631;68
병율;2631;68
찬경;2631;68
룬;2631;68
명주;2631;68
겨울;2631;68
현윤;2631;68
유훈;2631;68
유종;2631;68
수창;2656;67
제웅;2656;67
기명;2656;67
성표;2656;67
조셉;2656;67
록희;2656;67
채형;2656;67
찬중;2656;67
형록;2656;67
해주;2656;67
신원;2656;67
건수;2656;67
나훈;2656;67
미루;2656;67
근휘;2656;67
혜승;2671;66
병석;2671;66
예솔;2671;66
승비;2671;66
철웅;2671;66
찬결;2671;66
승섭;2671;66
헌준;2671;66
도흔;2671;66
리율;2671;66
승종;2671;66
석형;2671;66
범식;2671;66
언;2671;66
천희;2671;66
명제;2671;66
정협;2671;66
치민;2671;66
종엽;2671;66
본율;2671;66
관형;2691;65
조운;2691;65
은탁;2691;65
기륜;2691;65
린우;2691;65
도안;2691;65
재담;2691;65
남주;2691;65
철환;2691;65
기택;2691;65
은탁;2691;65
창근;2691;65
영신;2691;65
린우;2691;65
홍서;2691;65
세홍;2691;65
규희;2691;65
저스틴;2691;65
자훈;2691;65
빛;2691;65
현묵;2691;65
규백;2691;65
철환;2691;65
도안;2691;65
윌리엄;2691;65
데이빗;2691;65
재담;2691;65
관형;2691;65
기택;2691;65
서중;2691;65
근희;2691;65
강재;2691;65
승석;2723;64
병후;2723;64
루희;2723;64
로훈;2723;64
진범;2723;64
경남;2723;64
규섭;2723;64
선교;2723;64
홍현;2723;64
원정;2723;64
주왕;2723;64
초인;2723;64
준솔;2723;64
정철;2723;64
노율;2723;64
규열;2723;64
효종;2723;64
민산;2723;64
광명;2723;64
유택;2742;63
온우;2742;63
성룡;2742;63
용한;2742;63
근찬;2742;63
라언;2742;63
서정;2742;63
중민;2742;63
성온;2742;63
나겸;2742;63
지만;2742;63
준찬;2742;63
택윤;2742;63
강륜;2742;63
아원;2742;63
서백;2742;63
근하;2742;63
한웅;2742;63
정록;2742;63
성목;2761;62
중한;2761;62
철수;2761;62
래인;2761;62
윤강;2761;62
성구;2761;62
태평;2761;62
예우;2761;62
세창;2761;62
리훈;2761;62
경배;2761;62
헨리;2761;62
람;2761;62
늘찬;2761;62
제이슨;2761;62
두산;2761;62
문영;2761;62
보준;2761;62
웅빈;2761;62
대민;2761;62
이윤;2761;62
병하;2782;61
성도;2782;61
민경;2782;61
빛찬;2782;61
근수;2782;61
서린;2782;61
로은;2782;61
형철;2782;61
단희;2782;61
순율;2782;61
진관;2782;61
축복;2782;61
경대;2782;61
현학;2782;61
배성;2782;61
승룡;2782;61
그린;2782;61
용혁;2782;61
경담;2782;61
승룡;2782;61
배성;2782;61
현학;2782;61
충민;2804;60
선기;2804;60
린;2804;60
재모;2804;60
충만;2804;60
진협;2804;60
대유;2804;60
종준;2804;60
지노;2804;60
인한;2804;60
혜율;2804;60
광휘;2804;60
강온;2804;60
소담;2804;60
재의;2804;60
영오;2804;60
휘담;2804;60
가헌;2804;60
호서;2804;60
환성;2804;60
성익;2804;60
제완;2804;60
유록;2804;60
의건;2804;60
신형;2828;59
규정;2828;59
보영;2828;59
기선;2828;59
종오;2828;59
송주;2828;59
이섭;2828;59
순후;2828;59
채정;2828;59
담호;2828;59
보원;2828;59
시명;2828;59
기남;2828;59
성렬;2828;59
홍진;2828;59
현송;2828;59
영섭;2828;59
준행;2828;59
성묵;2828;59
주아;2828;59
기서;2828;59
은엽;2828;59
선형;2828;59
하;2828;59
승익;2828;59
대일;2828;59
운서;2828;59
형택;2828;59
성래;2828;59
장환;2828;59
원균;2828;59
문호;2859;58
보명;2859;58
근민;2859;58
회윤;2859;58
윤홍;2859;58
장민;2859;58
신웅;2859;58
희호;2859;58
후성;2859;58
보권;2859;58
겸희;2859;58
희람;2859;58
이석;2859;58
동렬;2859;58
희용;2859;58
태구;2859;58
인오;2859;58
경연;2859;58
래이;2859;58
의주;2859;58
은광;2859;58
성아;2859;58
부현;2859;58
한열;2859;58
상권;2859;58
창휘;2859;58
종문;2859;58
한검;2859;58
태익;2859;58
중우;2859;58
남건;2859;58
휼;2859;58
순형;2859;58
유선;2859;58
평온;2893;57
창헌;2893;57
다진;2893;57
에드워드;2893;57
션;2893;57
나온;2893;57
경동;2893;57
우일;2893;57
평온;2893;57
창엽;2893;57
이룩;2893;57
상태;2893;57
상균;2893;57
태솔;2893;57
홍윤;2893;57
태신;2893;57
다하;2893;57
나온;2893;57
아담;2893;57
재필;2893;57
두형;2893;57
우일;2893;57
다진;2893;57
단하;2893;57
광원;2893;57
션;2893;57
형태;2893;57
채승;2893;57
창헌;2893;57
루카스;2893;57
하록;2923;56
태중;2923;56
세일;2923;56
혜원;2923;56
세휘;2923;56
원근;2923;56
재륜;2923;56
루니;2923;56
광준;2923;56
새힘;2923;56
순규;2923;56
웅재;2923;56
이혁;2923;56
하석;2923;56
세광;2923;56
천호;2923;56
율기;2923;56
이빈;2923;56
종태;2923;56
차빈;2923;56
용헌;2923;56
이영;2923;56
광일;2923;56
오율;2923;56
영은;2923;56
대선;2923;56
민설;2923;56
정목;2923;56
송윤;2923;56
우근;2952;55
효윤;2952;55
민표;2952;55
경래;2952;55
은한;2952;55
은진;2952;55
두경;2952;55
현률;2952;55
윤산;2952;55
지흠;2952;55
선모;2952;55
승래;2952;55
정일;2952;55
치헌;2952;55
록;2952;55
도명;2952;55
회성;2952;55
을;2952;55
일;2952;55
경돈;2952;55
용근;2952;55
수일;2952;55
연택;2952;55
정건;2952;55
우엽;2952;55
인택;2952;55
승서;2952;55
효주;2952;55
유단;2980;54
창섭;2980;54
본혁;2980;54
원범;2980;54
신재;2980;54
원표;2980;54
홍;2980;54
소유;2980;54
한세;2980;54
겨운;2980;54
보율;2980;54
지휼;2980;54
형훈;2980;54
제이콥;2980;54
민휘;2980;54
세희;2980;54
에반;2980;54
승명;2980;54
하론;2980;54
구준;2980;54
재철;2980;54
창섭;2980;54
민휘;2980;54
하론;2980;54
제이콥;2980;54
본혁;2980;54
이경;2980;54
원표;2980;54
경선;3008;53
정겸;3008;53
찬익;3008;53
희종;3008;53
송우;3008;53
나윤;3008;53
세은;3008;53
용균;3008;53
승률;3008;53
준제;3008;53
세명;3008;53
진식;3008;53
범우;3008;53
민곤;3008;53
경묵;3008;53
도결;3008;53
하훈;3008;53
인용;3008;53
리언;3008;53
우서;3008;53
효식;3008;53
예주;3008;53
건엽;3008;53
라빈;3008;53
승형;3008;53
성조;3008;53
현배;3008;53
세정;3008;53
아섬;3008;53
송준;3008;53
정은;3008;53
리찬;3039;52
관율;3039;52
승회;3039;52
일환;3039;52
데이비드;3039;52
슬;3039;52
규화;3039;52
유휘;3039;52
기열;3039;52
욱현;3039;52
예운;3039;52
찬훈;3039;52
학민;3039;52
보결;3039;52
근서;3039;52
선구;3039;52
완우;3039;52
강헌;3039;52
크리스토퍼;3039;52
찬재;3039;52
율우;3039;52
범모;3039;52
차현;3039;52
주담;3039;52
상목;3039;52
소중;3039;52
들;3039;52
영율;3039;52
유리;3039;52
래훈;3039;52
겸재;3039;52
아일;3039;52
호동;3039;52
보선;3039;52
은원;3039;52
관유;3039;52
이주;3039;52
민희;3039;52
대홍;3039;52
민광;3078;51
무근;3078;51
대양;3078;51
지겸;3078;51
범성;3078;51
경륜;3078;51
창대;3078;51
한들;3078;51
우호;3078;51
형건;3078;51
라한;3078;51
창재;3078;51
현목;3078;51
중건;3078;51
호령;3078;51
성동;3078;51
상환;3078;51
보훈;3078;51
성덕;3078;51
정래;3078;51
신희;3078;51
종국;3078;51
래건;3078;51
범성;3078;51
상환;3078;51
경륜;3078;51
라한;3078;51
성덕;3078;51
정래;3078;51
노현;3107;50
선겸;3107;50
승문;3107;50
환웅;3107;50
채움;3107;50
제빈;3107;50
예형;3107;50
일성;3107;50
예루;3107;50
충호;3107;50
류진;3107;50
수우;3107;50
예도;3107;50
태량;3107;50
해창;3107;50
삭;3107;50
대완;3107;50
규린;3107;50
병근;3107;50
택훈;3107;50
권후;3107;50
기운;3107;50
로민;3107;50
희로;3107;50
일준;3107;50
건윤;3107;50
환진;3107;50
현강;3107;50
은렬;3107;50
동채;3107;50
기상;3107;50
장군;3107;50
지하;3107;50
규래;3107;50
선효;3107;50
류;3107;50
의태;3107;50
유연;3107;50
광빈;3107;50
설빈;3107;50
동철;3107;50
사빈;3107;50
이록;3107;50
재협;3107;50
재섭;3107;50
류빈;3107;50
형오;3153;49
성채;3153;49
성곤;3153;49
아로;3153;49
정온;3153;49
이제;3153;49
준무;3153;49
림;3153;49
기진;3153;49
윤일;3153;49
정대;3153;49
창선;3153;49
기섭;3153;49
병연;3153;49
조안;3153;49
양우;3153;49
한새;3153;49
길현;3153;49
탁;3153;49
원모;3153;49
학영;3153;49
재만;3153;49
건국;3153;49
윤관;3153;49
석인;3153;49
은창;3153;49
하용;3153;49
주신;3153;49
형래;3153;49
신성;3153;49
라오;3153;49
재곤;3153;49
검재;3153;49
건홍;3153;49
은학;3153;49
인주;3153;49
주휘;3153;49
인표;3153;49
형도;3153;49
형균;3153;49
교영;3193;48
현인;3193;48
두성;3193;48
래언;3193;48
규탁;3193;48
우탁;3193;48
항준;3193;48
원이;3193;48
교영;3193;48
병은;3193;48
남욱;3193;48
나원;3193;48
근모;3193;48
원교;3193;48
현인;3193;48
백경;3193;48
현곤;3193;48
두성;3193;48
구민;3193;48
아셀;3193;48
항준;3193;48
헌수;3193;48
덕규;3193;48
태지;3193;48
의혁;3193;48
주훤;3193;48
필;3193;48
세화;3193;48
종근;3193;48
남영;3193;48
찬흠;3193;48
정묵;3193;48
혁우;3193;48
도웅;3193;48
송원;3193;48
한을;3193;48
하중;3193;48
담윤;3193;48
규탁;3193;48
수철;3193;48
일현;3193;48
승도;3193;48
래언;3193;48
지함;3236;47
민걸;3236;47
규철;3236;47
희근;3236;47
조나단;3236;47
로안;3236;47
두언;3236;47
라건;3236;47
정문;3236;47
우희;3236;47
유이;3236;47
남진;3236;47
기산;3236;47
홍원;3236;47
명윤;3236;47
형모;3236;47
택진;3236;47
송하;3236;47
대관;3236;47
정배;3236;47
지준;3236;47
의섭;3236;47
일훈;3236;47
다안;3236;47
진무;3236;47
용일;3236;47
매튜;3236;47
산휘;3236;47
정익;3236;47
수율;3236;47
창운;3236;47
본승;3236;47
양현;3236;47
웅비;3236;47
현권;3236;47
루;3236;47
부영;3236;47
아루;3273;46
해운;3273;46
가엘;3273;46
일호;3273;46
태흔;3273;46
희완;3273;46
제오;3273;46
요안;3273;46
지모;3273;46
보광;3273;46
휘석;3273;46
기창;3273;46
승휴;3273;46
현국;3273;46
성기;3273;46
윤선;3273;46
미래;3273;46
환주;3273;46
예신;3273;46
영관;3273;46
필재;3273;46
다감;3273;46
문교;3273;46
송율;3273;46
선현;3273;46
광모;3273;46
서림;3273;46
형중;3300;45
무원;3300;45
광윤;3300;45
후영;3300;45
형운;3300;45
하정;3300;45
충헌;3300;45
진결;3300;45
아온;3300;45
헌주;3300;45
희산;3300;45
은세;3300;45
영동;3300;45
민도;3300;45
주협;3300;45
원오;3300;45
슬민;3300;45
희정;3300;45
응찬;3300;45
덕환;3300;45
기광;3300;45
휘동;3300;45
한혁;3300;45
덕영;3300;45
광혁;3300;45
재린;3300;45
관현;3300;45
민열;3300;45
윤탁;3300;45
영효;3300;45
주함;3300;45
광석;3300;45
규택;3300;45
여호수아;3300;45
산아;3300;45
학진;3300;45
지엽;3300;45
리;3300;45
훈기;3300;45
희열;3300;45
형중;3300;45
경렬;3300;45
길우;3300;45
세이;3300;45
종학;3300;45
율언;3300;45
충원;3346;44
순현;3346;44
유희;3346;44
동이;3346;44
형수;3346;44
민송;3346;44
라혁;3346;44
원창;3346;44
상문;3346;44
은욱;3346;44
동구;3346;44
기유;3346;44
혜인;3346;44
태람;3346;44
원휘;3346;44
기철;3346;44
남수;3346;44
행복;3346;44
서건;3346;44
록기;3346;44
경용;3346;44
건찬;3346;44
성신;3346;44
규훈;3346;44
세상;3346;44
하우;3346;44
소윤;3346;44
윤주;3346;44
로;3346;44
경성;3346;44
찬구;3346;44
명인;3346;44
마이클;3346;44
단호;3346;44
일수;3346;44
한설;3346;44
광우;3346;44
갈렙;3346;44
세언;3346;44
소호;3346;44
상학;3346;44
휘호;3387;43
가윤;3387;43
태을;3387;43
선률;3387;43
장수;3387;43
휘주;3387;43
호종;3387;43
락현;3387;43
찬연;3387;43
효수;3387;43
근욱;3387;43
윤희;3387;43
설현;3387;43
현익;3387;43
효수;3387;43
휘주;3387;43
규홍;3387;43
준배;3387;43
한휘;3387;43
인승;3387;43
기안;3387;43
본찬;3387;43
제노;3387;43
선률;3387;43
건재;3387;43
은도;3387;43
규오;3387;43
소훈;3387;43
휘호;3387;43
교범;3387;43
락현;3387;43
중근;3387;43
설현;3387;43
시용;3387;43
관휘;3387;43
사윤;3387;43
윤희;3387;43
강규;3387;43
성령;3387;43
태을;3387;43
호종;3387;43
동륜;3387;43
근욱;3387;43
선영;3387;43
열;3387;43
기탁;3387;43
새한;3387;43
일한;3387;43
장수;3387;43
상찬;3387;43
리헌;3387;43
휘근;3387;43
병휘;3387;43
바른;3440;42
세계;3440;42
창완;3440;42
서은;3440;42
인아;3440;42
현하;3440;42
희연;3440;42
재무;3440;42
시화;3440;42
다휘;3440;42
범한;3440;42
지학;3440;42
동학;3440;42
래준;3440;42
기덕;3440;42
여진;3440;42
주황;3440;42
리유;3440;42
효현;3440;42
환석;3440;42
명보;3440;42
충희;3440;42
진경;3440;42
백건;3440;42
영국;3440;42
송빈;3440;42
승백;3440;42
현휘;3440;42
건령;3440;42
교원;3440;42
단테;3440;42
단태;3440;42
선태;3440;42
혜담;3440;42
태왕;3440;42
대중;3440;42
노윤;3440;42
덕호;3440;42
하나;3440;42
연두;3440;42
원률;3440;42
천명;3440;42
율이;3440;42
창화;3440;42
제유;3440;42
성천;3440;42
휘온;3486;41
장운;3486;41
문현;3486;41
태황;3486;41
윤헌;3486;41
가브리엘;3486;41
지협;3486;41
근오;3486;41
원선;3486;41
세열;3486;41
송헌;3486;41
주화;3486;41
형율;3486;41
인희;3486;41
찬섭;3486;41
고건;3486;41
신의;3486;41
창일;3486;41
찬섭;3486;41
원선;3486;41
택;3486;41
지협;3486;41
윤설;3486;41
종권;3486;41
형은;3486;41
순영;3486;41
청운;3486;41
완서;3486;41
형율;3486;41
류원;3486;41
한윤;3486;41
채강;3486;41
세열;3486;41
우윤;3486;41
인희;3486;41
중서;3486;41
인식;3486;41
장운;3486;41
문현;3486;41
가브리엘;3486;41
주화;3486;41
인웅;3486;41
휘온;3486;41
순;3486;41
범구;3530;40
연종;3530;40
명신;3530;40
선근;3530;40
청명;3530;40
보우;3530;40
록현;3530;40
모아;3530;40
효명;3530;40
다찬;3530;40
다형;3530;40
윤보;3530;40
무휼;3530;40
한동;3530;40
미준;3530;40
서;3530;40
다경;3530;40
대협;3530;40
인엽;3530;40
금재;3530;40
관;3530;40
류건;3530;40
새찬;3530;40
정표;3530;40
도해;3530;40
영무;3530;40
루온;3530;40
운재;3530;40
휘율;3530;40
담원;3530;40
창균;3530;40
웅기;3530;40
명하;3530;40
래안;3530;40
연중;3530;40
태조;3530;40
인제;3530;40
예균;3530;40
명식;3530;40
현두;3530;40
종철;3530;40
광은;3530;40
대명;3530;40
준걸;3530;40
채홍;3574;39
태흠;3574;39
예규;3574;39
대니;3574;39
이로운;3574;39
권능;3574;39
가준;3574;39
대언;3574;39
이훤;3574;39
세나;3574;39
라겸;3574;39
효;3574;39
인권;3574;39
관민;3574;39
남일;3574;39
영돈;3574;39
인구;3574;39
주인;3574;39
라하;3574;39
강하;3574;39
환영;3574;39
도훤;3574;39
채후;3574;39
경언;3574;39
의인;3574;39
정담;3574;39
원효;3574;39
인권;3574;39
대언;3574;39
현록;3574;39
브랜든;3574;39
채후;3574;39
용섭;3574;39
유야;3574;39
정담;3574;39
가준;3574;39
유열;3574;39
원효;3574;39
강하;3574;39
이로운;3574;39
승국;3574;39
조현;3615;38
순원;3615;38
창모;3615;38
운율;3615;38
영중;3615;38
용권;3615;38
홍성;3615;38
현비;3615;38
담후;3615;38
재식;3615;38
준욱;3615;38
혜윤;3615;38
범현;3615;38
훈성;3615;38
주역;3615;38
해규;3615;38
진산;3615;38
류민;3615;38
윤익;3615;38
정선;3615;38
종영;3615;38
주희;3615;38
태백;3615;38
기랑;3615;38
윤휘;3615;38
현경;3615;38
병화;3615;38
기언;3615;38
영교;3615;38
존;3615;38
남균;3615;38
승정;3615;38
경영;3615;38
수명;3615;38
담덕;3615;38
사야;3615;38
교윤;3615;38
아;3615;38
세림;3615;38
한범;3615;38
채담;3615;38
완호;3615;38
근범;3615;38
동식;3615;38
광성;3615;38
동길;3615;38
영산;3615;38
나건;3615;38
산율;3615;38
호권;3615;38
성복;3615;38
성만;3666;37
원도;3666;37
본민;3666;37
찬들;3666;37
의림;3666;37
희랑;3666;37
율현;3666;37
주학;3666;37
유섬;3666;37
래환;3666;37
카일;3666;37
형탁;3666;37
창원;3666;37
현의;3666;37
세아;3666;37
정요;3666;37
기표;3666;37
완규;3666;37
부승;3666;37
준필;3666;37
채한;3666;37
찬누리;3666;37
다환;3666;37
태순;3666;37
로울;3666;37
장윤;3666;37
한글;3666;37
승덕;3666;37
려준;3666;37
낙현;3666;37
진택;3666;37
장준;3666;37
열음;3666;37
륜호;3666;37
건중;3666;37
희랑;3666;37
한글;3666;37
덕윤;3666;37
주학;3666;37
강서;3666;37
상웅;3666;37
원도;3666;37
부승;3666;37
형탁;3666;37
열음;3666;37
채한;3666;37
영지;3666;37
정요;3666;37
찬들;3666;37
완규;3666;37
치형;3666;37
건중;3666;37
장헌;3666;37
정필;3666;37
기표;3666;37
환민;3721;36
권수;3721;36
진광;3721;36
인화;3721;36
담휘;3721;36
려훈;3721;36
제운;3721;36
청용;3721;36
어준;3721;36
순욱;3721;36
효경;3721;36
찬교;3721;36
길;3721;36
루마;3721;36
형종;3721;36
휘랑;3721;36
휘현;3721;36
준권;3721;36
성림;3721;36
세흠;3721;36
온찬;3721;36
슬현;3721;36
무주;3721;36
유오;3721;36
루엘;3721;36
예동;3721;36
여운;3721;36
로엘;3721;36
규종;3721;36
언약;3721;36
두한;3721;36
후민;3721;36
하로;3721;36
환빈;3721;36
윤세;3721;36
혁기;3721;36
보리;3721;36
산해;3721;36
정도;3721;36
명후;3721;36
근홍;3721;36
주운;3721;36
완수;3721;36
선범;3721;36
창조;3721;36
원웅;3721;36
엘리야;3721;36
문겸;3721;36
후찬;3721;36
소라;3721;36
홍일;3721;36
학선;3721;36
종익;3773;35
두찬;3773;35
고운;3773;35
광욱;3773;35
시효;3773;35
해훈;3773;35
사율;3773;35
휘도;3773;35
태결;3773;35
수로;3773;35
무연;3773;35
해신;3773;35
요찬;3773;35
은용;3773;35
기한;3773;35
진승;3773;35
진찬;3773;35
회민;3773;35
관진;3773;35
예창;3773;35
소운;3773;35
의한;3773;35
의호;3773;35
조단;3773;35
영길;3773;35
름;3773;35
시목;3773;35
윤송;3773;35
태결;3773;35
형일;3773;35
서종;3773;35
관진;3773;35
사율;3773;35
중헌;3773;35
예창;3773;35
의한;3773;35
조단;3773;35
시효;3773;35
름;3773;35
수로;3773;35
무연;3773;35
휘도;3773;35
종익;3773;35
희헌;3773;35
경국;3773;35
석연;3773;35
상익;3773;35
이은;3820;34
유세;3820;34
은구;3820;34
중연;3820;34
환규;3820;34
인국;3820;34
해웅;3820;34
세령;3820;34
택원;3820;34
세오;3820;34
지융;3820;34
종률;3820;34
종언;3820;34
한림;3820;34
찬선;3820;34
리담;3820;34
류안;3820;34
진화;3820;34
홍범;3820;34
희언;3820;34
제상;3820;34
찬송;3820;34
장한;3820;34
기림;3820;34
강해;3820;34
경혁;3820;34
세람;3820;34
현홍;3820;34
이;3820;34
홍근;3820;34
리노;3820;34
제겸;3820;34
에단;3820;34
윤이;3820;34
천;3820;34
덕수;3820;34
청우;3820;34
청;3820;34
에덴;3820;34
제석;3820;34
재복;3820;34
봉준;3820;34
성산;3820;34
금강;3820;34
기강;3820;34
채안;3820;34
조윤;3820;34
강성;3820;34
광렬;3820;34
형권;3820;34
태재;3820;34
혜건;3820;34
용상;3872;33
효운;3872;33
환휘;3872;33
고훈;3872;33
요나;3872;33
대범;3872;33
바하;3872;33
제언;3872;33
다빗;3872;33
인학;3872;33
시훤;3872;33
진안;3872;33
정영;3872;33
세권;3872;33
천수;3872;33
치웅;3872;33
일규;3872;33
군;3872;33
근율;3872;33
성락;3872;33
학성;3872;33
한일;3872;33
새온;3872;33
은채;3872;33
원담;3872;33
찬효;3872;33
헌영;3872;33
해상;3872;33
강선;3872;33
연빈;3872;33
해상;3872;33
바하;3872;33
세권;3872;33
구원;3872;33
천수;3872;33
지항;3872;33
익환;3872;33
강선;3872;33
철진;3872;33
진안;3872;33
효운;3872;33
휘종;3872;33
상열;3872;33
대범;3872;33
훈영;3916;32
원건;3916;32
성탁;3916;32
선한;3916;32
범승;3916;32
장욱;3916;32
새하;3916;32
대열;3916;32
새별;3916;32
공명;3916;32
행운;3916;32
무형;3916;32
아솔;3916;32
태무;3916;32
문선;3916;32
연철;3916;32
균하;3916;32
하름;3916;32
주강;3916;32
슬호;3916;32
기람;3916;32
해겸;3916;32
명국;3916;32
희택;3916;32
원탁;3916;32
권혁;3916;32
주람;3916;32
무송;3916;32
한강;3916;32
건학;3916;32
광연;3916;32
규윤;3916;32
세엽;3916;32
사헌;3916;32
명권;3916;32
덕원;3916;32
서일;3916;32
해동;3916;32
새봄;3916;32
예광;3916;32
려원;3916;32
명승;3916;32
동의;3916;32
은담;3916;32
은설;3916;32
유토;3916;32
화진;3916;32
경균;3916;32
광;3916;32
건탁;3916;32
학수;3916;32
규대;3916;32
원엽;3916;32
승무;3916;32
세겸;3916;32
바로;3916;32
소하;3916;32
효은;3916;32
순신;3916;32
유중;3916;32
귀현;3916;32
일권;3916;32
나일;3916;32
로와;3916;32
광운;3916;32
하동;3916;32
예영;3916;32
권빈;3916;32
관률;3984;31
의택;3984;31
석기;3984;31
철훈;3984;31
율한;3984;31
재창;3984;31
호람;3984;31
언호;3984;31
구;3984;31
혁인;3984;31
두윤;3984;31
유송;3984;31
주섭;3984;31
주몽;3984;31
예본;3984;31
상도;3984;31
찬균;3984;31
로진;3984;31
화수;3984;31
청현;3984;31
주섭;3984;31
본영;3984;31
동회;3984;31
류한;3984;31
상구;3984;31
완준;3984;31
엘림;3984;31
은승;3984;31
화성;3984;31
두윤;3984;31
영모;3984;31
오승;3984;31
백민;3984;31
구;3984;31
관률;3984;31
혁인;3984;31
다유;3984;31
한재;3984;31
호람;3984;31
빛가람;3984;31
메이슨;3984;31
언호;3984;31
근용;3984;31
아름;3984;31
찬근;3984;31
찬균;3984;31
휘소;3984;31
환수;3984;31
창후;3984;31
지열;3984;31
주몽;3984;31
무창;3984;31
결희;3984;31
석기;3984;31
덕진;3984;31
희환;3984;31
철훈;3984;31
율리;3984;31
성대;3984;31
건표;3984;31
세황;3984;31
채언;3984;31
유우키;3984;31
종경;3984;31
효령;3984;31
현신;4049;30
대기;4049;30
중희;4049;30
율겸;4049;30
위찬;4049;30
준렬;4049;30
의철;4049;30
현지;4049;30
규량;4049;30
겨레;4049;30
황희;4049;30
치율;4049;30
재구;4049;30
순기;4049;30
수광;4049;30
선표;4049;30
경열;4049;30
강래;4049;30
은평;4049;30
대안;4049;30
정길;4049;30
이후;4049;30
상지;4049;30
로담;4049;30
병지;4049;30
두율;4049;30
길호;4049;30
제;4049;30
민협;4049;30
천성;4049;30
자성;4049;30
언준;4049;30
올리버;4049;30
학;4049;30
창언;4049;30
장연;4049;30
호린;4049;30
영학;4049;30
범용;4049;30
율환;4049;30
경건;4049;30
병모;4049;30
제휘;4049;30
혜안;4049;30
인건;4049;30
창한;4049;30
병운;4049;30
치환;4049;30
기건;4049;30
승경;4049;30
수재;4049;30
종섭;4049;30
치환;4049;30
겨레;4049;30
위찬;4049;30
현신;4049;30
창언;4049;30
학;4049;30
도화;4107;29
호상;4107;29
누림;4107;29
화영;4107;29
탁현;4107;29
한교;4107;29
상정;4107;29
홍균;4107;29
성백;4107;29
차오름;4107;29
민윤;4107;29
교선;4107;29
홍선;4107;29
형재;4107;29
승의;4107;29
영표;4107;29
백산;4107;29
석하;4107;29
홍우;4107;29
지엘;4107;29
보형;4107;29
준동;4107;29
철준;4107;29
제익;4107;29
용아;4107;29
세유;4107;29
화윤;4107;29
한봄;4107;29
중석;4107;29
헌율;4107;29
자유;4107;29
범민;4107;29
유제;4107;29
태극;4107;29
세빛;4107;29
주니;4107;29
마로;4107;29
고든;4107;29
아승;4107;29
다비;4107;29
수석;4107;29
한흠;4107;29
해완;4107;29
효창;4107;29
설준;4107;29
레오나르도;4107;29
창명;4107;29
현엽;4107;29
예혁;4107;29
홍식;4107;29
진세;4107;29
하령;4107;29
하률;4107;29
죠슈아;4107;29
룡;4107;29
하웅;4107;29
휘강;4107;29
에스라;4107;29
자헌;4107;29
자경;4107;29
제은;4107;29
헌서;4107;29
도률;4107;29
준검;4107;29
창의;4107;29
용학;4172;28
상겸;4172;28
하규;4172;28
서화;4172;28
강림;4172;28
채문;4172;28
륜우;4172;28
다니;4172;28
고원;4172;28
관태;4172;28
신범;4172;28
두관;4172;28
유동;4172;28
은균;4172;28
준목;4172;28
우헌;4172;28
연담;4172;28
인경;4172;28
영창;4172;28
그림;4172;28
관수;4172;28
덕우;4172;28
효철;4172;28
세동;4172;28
명곤;4172;28
보찬;4172;28
준결;4172;28
호섭;4172;28
나균;4172;28
유곤;4172;28
석한;4172;28
황성;4172;28
효훈;4172;28
정홍;4172;28
경두;4172;28
의지;4172;28
준목;4172;28
병학;4172;28
마루한;4172;28
하신;4172;28
균호;4172;28
다루;4172;28
예모;4172;28
서화;4172;28
유경;4172;28
해현;4172;28
건한;4172;28
관수;4172;28
호섭;4172;28
유운;4172;28
관태;4172;28
정관;4172;28
건승;4172;28
복음;4172;28
병일;4172;28
상겸;4172;28
두관;4172;28
유동;4172;28
대석;4172;28
연담;4172;28
효철;4172;28
보찬;4172;28
준결;4172;28
찬음;4172;28
인유;4172;28
휘중;4172;28
운우;4172;28
케이;4172;28
희엘;4172;28
그림;4172;28
다니;4172;28
고원;4172;28
세동;4172;28
대후;4172;28
인경;4172;28
정권;4172;28
하규;4172;28
덕우;4172;28
선경;4250;27
서훤;4250;27
의헌;4250;27
영유;4250;27
강린;4250;27
무호;4250;27
보름;4250;27
영두;4250;27
호신;4250;27
휘람;4250;27
창;4250;27
우렬;4250;27
정구;4250;27
대광;4250;27
건환;4250;27
한국;4250;27
종필;4250;27
선익;4250;27
준은;4250;27
래희;4250;27
시문;4250;27
윤덕;4250;27
총명;4250;27
인원;4250;27
석율;4250;27
하루키;4250;27
두용;4250;27
조훈;4250;27
율휘;4250;27
석용;4250;27
류호;4250;27
낙원;4250;27
예상;4250;27
로다;4250;27
서규;4250;27
예민;4250;27
연섭;4250;27
하형;4250;27
재솔;4250;27
명교;4250;27
일찬;4250;27
주효;4250;27
온겸;4250;27
인효;4250;27
창형;4250;27
성길;4250;27
호운;4250;27
형환;4250;27
수화;4250;27
가호;4250;27
로움;4250;27
정구;4250;27
석용;4250;27
도선;4250;27
래희;4250;27
상대;4250;27
낙원;4250;27
엘리엇;4250;27
택규;4250;27
인효;4250;27
서훤;4250;27
휘람;4250;27
인원;4250;27
창;4250;27
로다;4250;27
우렬;4250;27
호운;4250;27
일찬;4250;27
가호;4250;27
총명;4250;27
희천;4250;27
루인;4250;27
선경;4250;27
하루키;4250;27
이신;4250;27
의율;4250;27
다윈;4326;26
진평;4326;26
해봄;4326;26
희래;4326;26
오빈;4326;26
은동;4326;26
철영;4326;26
동흔;4326;26
기대;4326;26
아엘;4326;26
니콜라스;4326;26
인휘;4326;26
경천;4326;26
위건;4326;26
효기;4326;26
유탁;4326;26
중휘;4326;26
한종;4326;26
송훈;4326;26
주익;4326;26
선훈;4326;26
나한;4326;26
상근;4326;26
두민;4326;26
진국;4326;26
기온;4326;26
채겸;4326;26
류환;4326;26
종효;4326;26
구연;4326;26
비담;4326;26
웅희;4326;26
찬묵;4326;26
종웅;4326;26
진목;4326;26
정성;4326;26
은하;4326;26
대섭;4326;26
상천;4326;26
라휘;4326;26
동령;4326;26
영명;4326;26
시백;4326;26
운형;4326;26
송연;4326;26
용철;4326;26
딜런;4326;26
수리;4326;26
혁호;4326;26
중권;4326;26
기중;4326;26
명은;4326;26
관웅;4326;26
자명;4326;26
찬위;4326;26
연하;4326;26
죠셉;4326;26
강영;4326;26
연율;4326;26
백결;4326;26
룩희;4326;26
루이스;4326;26
호주;4326;26
해용;4326;26
고;4326;26
장성;4326;26
진제;4326;26
건진;4326;26
필성;4326;26
슬빈;4326;26
나후;4326;26
대길;4326;26
휘선;4326;26
부강;4326;26
감찬;4326;26
찬묵;4326;26
범균;4402;25
인덕;4402;25
소진;4402;25
필모;4402;25
완기;4402;25
인결;4402;25
폴;4402;25
찬은;4402;25
병성;4402;25
크리스;4402;25
시양;4402;25
이결;4402;25
신효;4402;25
세음;4402;25
홍래;4402;25
루환;4402;25
앤디;4402;25
다후;4402;25
광태;4402;25
양훈;4402;25
순일;4402;25
운규;4402;25
현래;4402;25
제이미;4402;25
두겸;4402;25
리운;4402;25
태문;4402;25
하휼;4402;25
용택;4402;25
용국;4402;25
헌성;4402;25
대귀;4402;25
자겸;4402;25
연상;4402;25
제온;4402;25
남형;4402;25
근준;4402;25
선학;4402;25
혜석;4402;25
지창;4402;25
범관;4402;25
우기;4402;25
응준;4402;25
양태;4402;25
의산;4402;25
강표;4402;25
맑음;4402;25
호기;4402;25
이튼;4402;25
휴고;4402;25
래혁;4402;25
명길;4402;25
형순;4402;25
경휘;4402;25
재흠;4402;25
영문;4402;25
유화;4402;25
세규;4402;25
담빈;4402;25
다은;4402;25
준병;4402;25
금준;4402;25
연주;4402;25
해광;4402;25
치성;4402;25
다언;4402;25
덕용;4402;25
영걸;4402;25
병기;4402;25
려욱;4402;25
태명;4402;25
범중;4402;25
강무;4402;25
태룡;4402;25
종일;4402;25
아신;4402;25
우휘;4402;25
민헌;4402;25
익;4402;25
현훈;4402;25
현산;4402;25
환욱;4402;25
대식;4402;25
소찬;4402;25
수림;4402;25
연환;4402;25
진강;4402;25
동림;4402;25
훈이;4490;24
필우;4490;24
시무;4490;24
재왕;4490;24
유사;4490;24
승린;4490;24
형동;4490;24
승창;4490;24
본하;4490;24
어령;4490;24
경엽;4490;24
교은;4490;24
강철;4490;24
하루토;4490;24
권상;4490;24
다비드;4490;24
경보;4490;24
휴;4490;24
본하;4490;24
하빛;4490;24
윤의;4490;24
장휘;4490;24
희문;4490;24
지무;4490;24
무강;4490;24
차준;4490;24
제레미;4490;24
근표;4490;24
원현;4490;24
유덕;4490;24
희량;4490;24
위준;4490;24
장영;4490;24
려한;4490;24
장근;4490;24
려환;4490;24
장빈;4490;24
어령;4490;24
효정;4490;24
석헌;4490;24
승창;4490;24
명범;4490;24
경엽;4490;24
휘인;4490;24
필우;4490;24
근환;4490;24
수관;4490;24
시무;4490;24
보인;4490;24
인보;4490;24
재왕;4490;24
신일;4490;24
건원;4490;24
유사;4490;24
용식;4490;24
인지;4490;24
찬아;4490;24
승린;4490;24
헌제;4490;24
남결;4490;24
희규;4490;24
명미정;4490;24
파랑;4490;24
지요;4490;24
채명;4490;24
루기;4490;24
희유;4490;24
창열;4490;24
남후;4490;24
해범;4490;24
형동;4490;24
윤화;4490;24
동교;4490;24
다흰;4490;24
은선;4490;24
형관;4490;24
구름;4490;24
찬률;4490;24
한조;4490;24
하결;4490;24
무엘;4490;24
훈이;4490;24
웅진;4490;24
지묵;4490;24
원성;4490;24
상덕;4490;24
용덕;4490;24
진만;4490;24
광섭;4490;24
동걸;4490;24
명도;4490;24
병무;4490;24
충환;4490;24
대국;4583;23
학재;4583;23
울;4583;23
원대;4583;23
효열;4583;23
학찬;4583;23
주흔;4583;23
동안;4583;23
음;4583;23
형구;4583;23
균;4583;23
문형;4583;23
남헌;4583;23
단오;4583;23
라헌;4583;23
경린;4583;23
욱재;4583;23
량;4583;23
나얼;4583;23
구빈;4583;23
지은;4583;23
강언;4583;23
래영;4583;23
치연;4583;23
경안;4583;23
단오;4583;23
료;4583;23
남헌;4583;23
경희;4583;23
민완;4583;23
정휴;4583;23
영종;4583;23
택영;4583;23
승남;4583;23
학재;4583;23
량;4583;23
루완;4583;23
문;4583;23
신이;4583;23
도의;4583;23
기령;4583;23
욱재;4583;23
용구;4583;23
창무;4583;23
알리;4583;23
루야;4583;23
학찬;4583;23
아얀;4583;23
귀한;4583;23
성흔;4583;23
하종;4583;23
병용;4583;23
샛별;4583;23
지아;4583;23
소우;4583;23
오찬;4583;23
관규;4583;23
균;4583;23
두빈;4583;23
다힘;4583;23
관훈;4583;23
무승;4583;23
휘범;4583;23
예휘;4583;23
병조;4583;23
영로;4583;23
경관;4583;23
문형;4583;23
관준;4583;23
재록;4583;23
세린;4583;23
운석;4583;23
동안;4583;23
하룬;4583;23
은휴;4583;23
의수;4583;23
휘정;4583;23
근;4583;23
지울;4583;23
원대;4583;23
선동;4583;23
준해;4583;23
계원;4583;23
문주;4583;23
현길;4583;23
울;4583;23
권욱;4583;23
효열;4583;23
대국;4583;23
섭;4583;23
유아;4583;23
택경;4583;23
음;4583;23
정동;4583;23
호창;4583;23
이상;4583;23
덕형;4679;22
오영;4679;22
영익;4679;22
경회;4679;22
담인;4679;22
우균;4679;22
본서;4679;22
유헌;4679;22
운기;4679;22
화율;4679;22
순종;4679;22
상아;4679;22
근성;4679;22
양수;4679;22
배근;4679;22
서효;4679;22
영복;4679;22
해천;4679;22
영세;4679;22
인창;4679;22
만세;4679;22
대정;4679;22
건현;4679;22
성공;4679;22
병혁;4679;22
장오;4679;22
영익;4679;22
상아;4679;22
하송;4679;22
희선;4679;22
운기;4679;22
유헌;4679;22
준산;4679;22
보문;4679;22
화율;4679;22
본서;4679;22
티모시;4679;22
오영;4679;22
흥민;4679;22
필주;4679;22
담인;4679;22
우균;4679;22
일영;4679;22
단비;4679;22
사현;4679;22
후인;4679;22
찬모;4679;22
치완;4679;22
호랑;4679;22
본유;4679;22
덕형;4679;22
순종;4679;22
아린;4679;22
석경;4679;22
오훈;4679;22
비찬;4679;22
량우;4679;22
일웅;4679;22
리쿠;4679;22
완석;4679;22
정교;4679;22
영연;4679;22
양수;4679;22
요하;4679;22
희광;4679;22
신화;4679;22
유식;4679;22
해천;4679;22
범철;4679;22
나운;4679;22
지흔;4679;22
다오;4679;22
자빈;4679;22
원유;4679;22
송찬;4679;22
무하;4679;22
원의;4679;22
채규;4679;22
기돈;4679;22
영복;4679;22
오웬;4679;22
한상;4679;22
인균;4679;22
백겸;4679;22
예철;4679;22
원강;4679;22
협;4679;22
보아스;4679;22
영혁;4679;22
병인;4679;22
윤신;4679;22
시황;4679;22
유우토;4679;22
지률;4679;22
은샘;4679;22
학주;4679;22
강섭;4679;22
라희;4679;22
한기;4679;22
상석;4679;22
보은;4679;22
철규;4679;22
인창;4679;22
배근;4679;22
태률;4679;22
강국;4679;22
의천;4679;22
서효;4679;22
수은;4679;22
라우;4679;22
아란;4679;22
다름;4679;22
영곤;4679;22
율진;4792;21
의종;4792;21
현환;4792;21
대교;4792;21
도재;4792;21
건상;4792;21
창익;4792;21
기후;4792;21
린호;4792;21
현음;4792;21
선묵;4792;21
민흠;4792;21
가진;4792;21
리구;4792;21
영린;4792;21
나라찬;4792;21
재교;4792;21
범교;4792;21
범종;4792;21
아중;4792;21
명연;4792;21
형렬;4792;21
휘래;4792;21
제규;4792;21
위진;4792;21
임재;4792;21
덕민;4792;21
건록;4792;21
예반;4792;21
장태;4792;21
천웅;4792;21
학범;4792;21
인홍;4792;21
근재;4792;21
보정;4792;21
태위;4792;21
현환;4792;21
태군;4792;21
예함;4792;21
태륜;4792;21
서해;4792;21
용채;4792;21
근도;4792;21
승결;4792;21
휘용;4792;21
헤이든;4792;21
도재;4792;21
연동;4792;21
새결;4792;21
초현;4792;21
휘섭;4792;21
이성;4792;21
규건;4792;21
대교;4792;21
빈우;4792;21
한남;4792;21
기후;4792;21
형승;4792;21
원길;4792;21
병제;4792;21
명지;4792;21
결이;4792;21
상백;4792;21
재천;4792;21
희탁;4792;21
송;4792;21
유타;4792;21
대아;4792;21
형후;4792;21
리진;4792;21
호엽;4792;21
제서;4792;21
규돈;4792;21
기효;4792;21
종천;4792;21
의종;4792;21
홍철;4792;21
광열;4792;21
자연;4792;21
봉규;4792;21
혁중;4792;21
백진;4792;21
준복;4792;21
율진;4792;21
정곤;4792;21
혜규;4792;21
충우;4792;21
상옥;4792;21
야곱;4792;21
소리;4792;21
수기;4792;21
연식;4792;21
대하;4792;21
호규;4792;21
린호;4792;21
화용;4792;21
하안;4792;21
규광;4792;21
윤배;4792;21
희명;4792;21
도찬;4792;21
희곤;4792;21
한욱;4792;21
성해;4792;21
초율;4792;21
진곤;4792;21
정솔;4792;21
슬온;4792;21
혁승;4792;21
상옥;4792;21
예함;4792;21
휘섭;4792;21
금호;4792;21
건회;4792;21
가인;4906;20
우권;4906;20
영목;4906;20
의제;4906;20
지평;4906;20
회영;4906;20
해종;4906;20
류준;4906;20
원채;4906;20
의람;4906;20
한누리;4906;20
익재;4906;20
제국;4906;20
새빛;4906;20
연범;4906;20
아록;4906;20
익수;4906;20
탄희;4906;20
원국;4906;20
시재;4906;20
동천;4906;20
상길;4906;20
은송;4906;20
자호;4906;20
세안;4906;20
래은;4906;20
상이;4906;20
충훈;4906;20
래한;4906;20
성창;4906;20
의창;4906;20
국빈;4906;20
경승;4906;20
인회;4906;20
의엽;4906;20
교성;4906;20
정승;4906;20
석중;4906;20
순용;4906;20
준도;4906;20
범솔;4906;20
명구;4906;20
록원;4906;20
철원;4906;20
노준;4906;20
나래;4906;20
영락;4906;20
선관;4906;20
서엘;4906;20
윤별;4906;20
온서;4906;20
다옴;4906;20
병도;4906;20
금별;4906;20
민탁;4906;20
봉근;4906;20
소을;4906;20
봉수;4906;20
원명;4906;20
후윤;4906;20
순준;4906;20
락;4906;20
선국;4906;20
라연;4906;20
문환;4906;20
해근;4906;20
형범;4906;20
이림;4906;20
건열;4906;20
찬인;4906;20
헌진;4906;20
황준;4906;20
의열;4906;20
본성;4906;20
솔하;4906;20
신비;4906;20
재마;4906;20
차온;4906;20
공;4906;20
로완;4906;20
가온누리;4906;20
은천;4906;20
니엘;4906;20
가은;4906;20
규명;4906;20
원배;4906;20
단열;4906;20
교연;4906;20
지순;4906;20
장후;4906;20
에셀;4906;20
의범;4906;20
원동;4906;20
하오;4906;20
윤곤;4906;20
원명;4906;20
봉수;4906;20
제국;4906;20
익수;4906;20
아록;4906;20
교연;4906;20
철원;4906;20
장후;4906;20
지순;4906;20
에셀;4906;20
이림;4906;20
호륜;4906;20
이설;4906;20
의범;4906;20
원동;4906;20
가훈;4906;20
인회;4906;20
민탁;4906;20
청연;4906;20
겸우;5020;19
낙연;5020;19
도용;5020;19
루진;5020;19
권하;5020;19
의;5020;19
영륜;5020;19
시겸;5020;19
시권;5020;19
보연;5020;19
정화;5020;19
상제;5020;19
일도;5020;19
태협;5020;19
일후;5020;19
신엽;5020;19
이규;5020;19
예흠;5020;19
승이;5020;19
문강;5020;19
관윤;5020;19
혜근;5020;19
지선;5020;19
태길;5020;19
찬렬;5020;19
한신;5020;19
시정;5020;19
새영;5020;19
선문;5020;19
남권;5020;19
문근;5020;19
현문;5020;19
케이든;5020;19
창록;5020;19
류근;5020;19
부권;5020;19
가림;5020;19
정탁;5020;19
율성;5020;19
령;5020;19
은배;5020;19
본호;5020;19
마준;5020;19
보균;5020;19
찬건;5020;19
호유;5020;19
줄리안;5020;19
학빈;5020;19
건서;5020;19
건동;5020;19
하백;5020;19
세성;5020;19
치언;5020;19
남희;5020;19
륜기;5020;19
모현;5020;19
상돈;5020;19
국진;5020;19
찬정;5020;19
익찬;5020;19
찬행;5020;19
제정;5020;19
성순;5020;19
휘언;5020;19
건녕;5020;19
범래;5020;19
일주;5020;19
세울;5020;19
원윤;5020;19
초윤;5020;19
용남;5020;19
윤회;5020;19
찬운;5020;19
해송;5020;19
여온;5020;19
예천;5020;19
웅규;5020;19
시담;5020;19
데니엘;5020;19
제강;5020;19
신휘;5020;19
신휘;5020;19
남희;5020;19
보균;5020;19
일주;5020;19
하백;5020;19
문근;5020;19
현문;5020;19
철홍;5020;19
국영;5020;19
창록;5020;19
은권;5020;19
부권;5020;19
황현;5020;19
지선;5020;19
중경;5020;19
신엽;5020;19
케이든;5020;19
범래;5020;19
온성;5020;19
찬건;5020;19
문강;5020;19
일후;5020;19
태협;5020;19
은배;5020;19
이규;5020;19
명일;5020;19
수온;5020;19
시담;5020;19
건녕;5020;19
국진;5020;19
데니엘;5020;19
효율;5020;19
호유;5020;19
일도;5020;19
로우;5020;19
영림;5020;19
진보;5137;18
건위;5137;18
영언;5137;18
해루;5137;18
숲;5137;18
황기;5137;18
권용;5137;18
효권;5137;18
도위;5137;18
정형;5137;18
서광;5137;18
효림;5137;18
견후;5137;18
광제;5137;18
민소;5137;18
준길;5137;18
제학;5137;18
휘문;5137;18
진연;5137;18
래경;5137;18
강환;5137;18
승탁;5137;18
혜수;5137;18
원홍;5137;18
필승;5137;18
호일;5137;18
명희;5137;18
단영;5137;18
캐빈;5137;18
세랑;5137;18
환일;5137;18
보금;5137;18
다모;5137;18
필상;5137;18
지휘;5137;18
미성;5137;18
형성;5137;18
경채;5137;18
관오;5137;18
주표;5137;18
광규;5137;18
광선;5137;18
병률;5137;18
제건;5137;18
장규;5137;18
두람;5137;18
서률;5137;18
무헌;5137;18
광철;5137;18
이새;5137;18
인진;5137;18
연희;5137;18
항;5137;18
태래;5137;18
명중;5137;18
중환;5137;18
산우;5137;18
대익;5137;18
필교;5137;18
상택;5137;18
진학;5137;18
이운;5137;18
문빈;5137;18
병곤;5137;18
도익;5137;18
새로이;5137;18
광덕;5137;18
장규;5137;18
만기;5137;18
청민;5137;18
병환;5137;18
항;5137;18
명중;5137;18
천영;5137;18
승탁;5137;18
태래;5137;18
주표;5137;18
아혁;5137;18
자원;5137;18
한구;5137;18
심온;5137;18
광규;5137;18
봉균;5137;18
본재;5137;18
길훈;5137;18
룸;5137;18
필승;5137;18
숲;5137;18
부근;5137;18
용이;5137;18
황기;5137;18
두람;5137;18
민소;5137;18
세랑;5137;18
회율;5137;18
종형;5137;18
양희;5137;18
진행;5137;18
병률;5137;18
효권;5137;18
은길;5137;18
왕현;5137;18
필상;5137;18
호일;5137;18
강환;5137;18
창오;5137;18
혁원;5137;18
의로;5137;18
광제;5137;18
형성;5137;18
용지;5137;18
서률;5137;18
환일;5137;18
무헌;5137;18
필교;5137;18
한송;5137;18
은국;5137;18
진보;5137;18
범채;5137;18
신명;5137;18
광철;5137;18
강비;5137;18
명희;5137;18
이새;5137;18
백두;5137;18
나경;5137;18
장;5137;18
준길;5137;18
관석;5137;18
병곤;5137;18
보금;5137;18
래경;5137;18
본겸;5269;17
이섬;5269;17
서래;5269;17
예진;5269;17
가경;5269;17
장건;5269;17
율립;5269;17
문섭;5269;17
봉진;5269;17
태록;5269;17
자룡;5269;17
이락;5269;17
종대;5269;17
아리엘;5269;17
필원;5269;17
일휘;5269;17
진아;5269;17
천후;5269;17
호혁;5269;17
유관;5269;17
주철;5269;17
수복;5269;17
기룡;5269;17
홍신;5269;17
강범;5269;17
범영;5269;17
여해;5269;17
고우;5269;17
동신;5269;17
효산;5269;17
훈규;5269;17
금빈;5269;17
종열;5269;17
규일;5269;17
본겸;5269;17
재률;5269;17
교하;5269;17
전호;5269;17
상묵;5269;17
국환;5269;17
도회;5269;17
기경;5269;17
헌호;5269;17
무곤;5269;17
상서;5269;17
채희;5269;17
아리;5269;17
대효;5269;17
준탁;5269;17
민지;5269;17
오스카;5269;17
수린;5269;17
종승;5269;17
장진;5269;17
강식;5269;17
수보;5269;17
광기;5269;17
인형;5269;17
군호;5269;17
영경;5269;17
경령;5269;17
규우;5269;17
지몽;5269;17
천후;5269;17
수복;5269;17
윤완;5269;17
헌민;5269;17
의상;5269;17
택근;5269;17
석일;5269;17
이세;5269;17
명종;5269;17
이섬;5269;17
찬겸;5269;17
휘령;5269;17
아리엘;5269;17
관주;5269;17
대로;5269;17
두온;5269;17
청호;5269;17
두인;5269;17
병채;5269;17
훈찬;5269;17
홍신;5269;17
진아;5269;17
연조;5269;17
용겸;5269;17
택우;5269;17
천준;5269;17
봉진;5269;17
홍익;5269;17
경신;5269;17
가경;5269;17
종겸;5269;17
범영;5269;17
윤직;5269;17
수엽;5269;17
주로;5269;17
형곤;5269;17
필원;5269;17
헌욱;5269;17
호혁;5269;17
범창;5269;17
유관;5269;17
다정;5269;17
제선;5269;17
본석;5269;17
지단;5269;17
승요;5269;17
강문;5269;17
익선;5269;17
경효;5269;17
제임;5269;17
예진;5269;17
은협;5269;17
홍제;5269;17
비성;5269;17
이락;5269;17
범권;5269;17
율립;5269;17
윤용;5269;17
규강;5269;17
금빈;5269;17
진묵;5269;17
선의;5269;17
만재;5269;17
종대;5269;17
형돈;5269;17
장건;5269;17
병오;5269;17
성륜;5269;17
충영;5269;17
아리;5269;17
제선;5269;17
이락;5269;17
범영;5269;17
청호;5269;17
대니얼;5269;17
군호;5269;17
아리엘;5269;17
일휘;5269;17
천준;5269;17
대효;5269;17
강별;5412;16
모하;5412;16
하닮;5412;16
영해;5412;16
명학;5412;16
준채;5412;16
부준;5412;16
희균;5412;16
배준;5412;16
신주;5412;16
석근;5412;16
위;5412;16
기재;5412;16
나민;5412;16
병길;5412;16
회창;5412;16
진의;5412;16
형국;5412;16
관혁;5412;16
승동;5412;16
세흔;5412;16
청윤;5412;16
창서;5412;16
은빛;5412;16
디모데;5412;16
창식;5412;16
태모;5412;16
노하;5412;16
남효;5412;16
재훤;5412;16
세록;5412;16
홍희;5412;16
라이;5412;16
민휴;5412;16
기루;5412;16
권재;5412;16
윌리암;5412;16
해석;5412;16
부찬;5412;16
민회;5412;16
창유;5412;16
호우;5412;16
권휘;5412;16
준녕;5412;16
의령;5412;16
래욱;5412;16
우령;5412;16
경제;5412;16
금조;5412;16
승길;5412;16
영생;5412;16
루찬;5412;16
덕준;5412;16
운채;5412;16
이루다;5412;16
수길;5412;16
의용;5412;16
나형;5412;16
순환;5412;16
석문;5412;16
태금;5412;16
서흠;5412;16
승천;5412;16
기오;5412;16
진열;5412;16
홍구;5412;16
철주;5412;16
선철;5412;16
윤검;5412;16
오건;5412;16
희빈;5412;16
찬란;5412;16
인모;5412;16
기복;5412;16
덕연;5412;16
여호;5412;16
지송;5412;16
호아;5412;16
훈태;5412;16
제시;5412;16
어람;5412;16
남교;5412;16
일상;5412;16
타일러;5412;16
권세;5412;16
유결;5412;16
예음;5412;16
영배;5412;16
석운;5412;16
태동;5412;16
남정;5412;16
이반;5412;16
래욱;5412;16
나형;5412;16
유결;5412;16
예렘;5412;16
비한;5412;16
모빈;5412;16
승대;5412;16
민휴;5412;16
요성;5412;16
라이;5412;16
영생;5412;16
덕준;5412;16
호천;5412;16
기모;5412;16
남원;5412;16
태금;5412;16
권세;5412;16
지송;5412;16
범경;5412;16
관혁;5412;16
금산;5412;16
현복;5412;16
나민;5412;16
호아;5412;16
석문;5412;16
주복;5412;16
루찬;5412;16
사준;5412;16
승천;5412;16
리혁;5412;16
수길;5412;16
서흠;5412;16
창유;5412;16
창식;5412;16
남효;5412;16
기루;5412;16
병길;5412;16
모하;5412;16
드레;5412;16
세록;5412;16
디모데;5412;16
건창;5412;16
회창;5412;16
휘태;5412;16
오혁;5412;16
여호;5412;16
해오름;5412;16
효균;5412;16
학규;5412;16
홍욱;5412;16
본휘;5412;16
시엽;5412;16
풍;5412;16
영사;5412;16
홍희;5412;16
문종;5412;16
일상;5412;16
훈태;5412;16
희빈;5412;16
길준;5412;16
희균;5412;16
인모;5412;16
선철;5412;16
형률;5412;16
연균;5412;16
지관;5412;16
영배;5412;16
오연;5412;16
관표;5412;16
이루다;5412;16
윤검;5412;16
혜진;5412;16
열방;5412;16
신양;5412;16
호명;5412;16
주솔;5412;16
연도;5412;16
명학;5412;16
문정;5412;16
태모;5412;16
진의;5412;16
주웅;5412;16
관중;5412;16
승길;5412;16
순하;5412;16
다결;5412;16
승담;5412;16
효일;5412;16
신주;5412;16
부준;5412;16
수남;5412;16
형국;5412;16
권재;5412;16
환용;5412;16
동예;5598;15
두이;5598;15
보운;5598;15
주항;5598;15
단엘;5598;15
마린;5598;15
헌석;5598;15
종재;5598;15
상모;5598;15
규휘;5598;15
주와;5598;15
종택;5598;15
건비;5598;15
규목;5598;15
문희;5598;15
후현;5598;15
은모;5598;15
해슬;5598;15
리차드;5598;15
루건;5598;15
희경;5598;15
보운;5598;15
지경;5598;15
윤엽;5598;15
찬동;5598;15
주이;5598;15
의동;5598;15
찬헌;5598;15
중빈;5598;15
훈식;5598;15
봉기;5598;15
경학;5598;15
해듬;5598;15
찬을;5598;15
산유;5598;15
본경;5598;15
동조;5598;15
길수;5598;15
완진;5598;15
태제;5598;15
휘철;5598;15
글;5598;15
백규;5598;15
병창;5598;15
연일;5598;15
해량;5598;15
준양;5598;15
창율;5598;15
귀호;5598;15
길후;5598;15
요빈;5598;15
수운;5598;15
이유;5598;15
엽;5598;15
혁순;5598;15
혁환;5598;15
용탁;5598;15
예명;5598;15
용오;5598;15
정복;5598;15
네이슨;5598;15
마하;5598;15
홍명;5598;15
구범;5598;15
혜윰;5598;15
의론;5598;15
지일;5598;15
기;5598;15
태로;5598;15
고야;5598;15
동훤;5598;15
익제;5598;15
한찬;5598;15
광래;5598;15
택림;5598;15
종구;5598;15
선도;5598;15
아이잭;5598;15
샬롬;5598;15
관일;5598;15
율재;5598;15
도온;5598;15
찬권;5598;15
아섭;5598;15
호헌;5598;15
운창;5598;15
서랑;5598;15
의중;5598;15
고윤;5598;15
길환;5598;15
창신;5598;15
은파;5598;15
제효;5598;15
경지;5598;15
준백;5598;15
하봄;5598;15
온준;5598;15
대해;5598;15
밝음;5598;15
해찬솔;5598;15
양원;5598;15
광조;5598;15
윤소;5598;15
천하;5598;15
봉기;5598;15
중빈;5598;15
휘열;5598;15
관성;5598;15
필수;5598;15
진준;5598;15
대보;5598;15
성실;5598;15
선도;5598;15
길수;5598;15
후현;5598;15
규목;5598;15
서랑;5598;15
피터;5598;15
의중;5598;15
종주;5598;15
규휘;5598;15
의동;5598;15
우강;5598;15
휘철;5598;15
해량;5598;15
성남;5598;15
관일;5598;15
헌석;5598;15
해슬;5598;15
유의;5598;15
효언;5598;15
은모;5598;15
건비;5598;15
근일;5598;15
종재;5598;15
마린;5598;15
두이;5598;15
현순;5598;15
명완;5598;15
예든;5598;15
서권;5598;15
마틴;5598;15
희솔;5598;15
덕경;5598;15
인산;5598;15
병천;5598;15
창렬;5598;15
도인;5598;15
유위;5598;15
경상;5598;15
운용;5598;15
리차드;5598;15
경림;5598;15
온기;5598;15
자한;5598;15
새현;5598;15
율권;5598;15
채유;5598;15
능;5598;15
노훈;5598;15
진근;5598;15
본수;5598;15
양휘;5598;15
윤복;5598;15
선열;5598;15
영강;5598;15
본결;5598;15
다솜;5598;15
대의;5598;15
덕재;5598;15
희후;5598;15
진은;5598;15
한필;5598;15
길환;5598;15
도온;5598;15
아이잭;5598;15
동훤;5598;15
지일;5598;15
대해;5598;15
하봄;5598;15
정복;5598;15
경지;5598;15
은파;5598;15
예명;5598;15
수담;5598;15
관무;5598;15
루건;5598;15
주이;5598;15
이유;5598;15
고윤;5598;15
길후;5598;15
호헌;5598;15
귀호;5598;15
주항;5598;15
인상;5598;15
청희;5598;15
제중;5598;15
인해;5598;15
로찬;5598;15
태걸;5598;15
승훤;5598;15
온준;5598;15
래우;5598;15
영치;5801;14
찰스;5801;14
자은;5801;14
다익;5801;14
주평;5801;14
진설;5801;14
기천;5801;14
홍건;5801;14
담혁;5801;14
지화;5801;14
재임;5801;14
익한;5801;14
이택;5801;14
웅태;5801;14
근택;5801;14
항진;5801;14
성직;5801;14
지문;5801;14
길영;5801;14
크리스티안;5801;14
온규;5801;14
제이크;5801;14
운현;5801;14
설원;5801;14
성홍;5801;14
정렬;5801;14
항서;5801;14
지택;5801;14
명세;5801;14
율규;5801;14
섬균;5801;14
홍연;5801;14
용귀;5801;14
인훈;5801;14
지미;5801;14
영천;5801;14
량태;5801;14
직수;5801;14
경중;5801;14
무중;5801;14
록담;5801;14
인걸;5801;14
중규;5801;14
금석;5801;14
규렬;5801;14
사엘;5801;14
애반;5801;14
평주;5801;14
우범;5801;14
예섬;5801;14
태남;5801;14
종아;5801;14
승흔;5801;14
종안;5801;14
셉;5801;14
두선;5801;14
회건;5801;14
테이;5801;14
정덕;5801;14
근유;5801;14
시홍;5801;14
정락;5801;14
은록;5801;14
학림;5801;14
치욱;5801;14
민렬;5801;14
초한;5801;14
형륜;5801;14
수왕;5801;14
위성;5801;14
건해;5801;14
만수;5801;14
가형;5801;14
천휘;5801;14
명광;5801;14
백승;5801;14
시휼;5801;14
두일;5801;14
담영;5801;14
담온;5801;14
신률;5801;14
낙영;5801;14
동용;5801;14
제린;5801;14
해선;5801;14
얀;5801;14
자건;5801;14
수교;5801;14
종상;5801;14
표진;5801;14
창배;5801;14
민정;5801;14
운희;5801;14
하흠;5801;14
명록;5801;14
기탄;5801;14
나음;5801;14
화담;5801;14
룩한;5801;14
광림;5801;14
충성;5801;14
누엘;5801;14
건행;5801;14
언수;5801;14
규렬;5801;14
알렌;5801;14
룩한;5801;14
아한;5801;14
무아;5801;14
해선;5801;14
용귀;5801;14
비현;5801;14
제이크;5801;14
두휘;5801;14
무길;5801;14
우범;5801;14
문권;5801;14
예섬;5801;14
종길;5801;14
진설;5801;14
솔현;5801;14
시빈;5801;14
건해;5801;14
백승;5801;14
가이;5801;14
하흠;5801;14
영흠;5801;14
화담;5801;14
평주;5801;14
제롬;5801;14
셉;5801;14
사엘;5801;14
만수;5801;14
영치;5801;14
모준;5801;14
인정;5801;14
태론;5801;14
명록;5801;14
얀;5801;14
이곤;5801;14
준위;5801;14
해별;5801;14
항진;5801;14
정렬;5801;14
훈우;5801;14
시홍;5801;14
중규;5801;14
종상;5801;14
애반;5801;14
근유;5801;14
해언;5801;14
이택;5801;14
은록;5801;14
재휴;5801;14
택성;5801;14
명세;5801;14
솔준;5801;14
두일;5801;14
해이;5801;14
경락;5801;14
록담;5801;14
유생;5801;14
이량;5801;14
명광;5801;14
석휘;5801;14
회건;5801;14
온주;5801;14
기천;5801;14
광림;5801;14
인훈;5801;14
희대;5801;14
율규;5801;14
새인;5801;14
민정;5801;14
시성;5801;14
케이타;5801;14
단아;5977;13
영의;5977;13
서동;5977;13
재흔;5977;13
중섭;5977;13
가률;5977;13
다산;5977;13
근엽;5977;13
강렬;5977;13
상렬;5977;13
상림;5977;13
무령;5977;13
권오;5977;13
강백;5977;13
리영;5977;13
광인;5977;13
도전;5977;13
용완;5977;13
휘웅;5977;13
가혁;5977;13
혜운;5977;13
호안;5977;13
일중;5977;13
웅대;5977;13
시규;5977;13
담규;5977;13
고현;5977;13
덕;5977;13
가언;5977;13
항성;5977;13
정회;5977;13
휘운;5977;13
양선;5977;13
리세;5977;13
진흥;5977;13
이범;5977;13
온음;5977;13
경립;5977;13
노영;5977;13
희오;5977;13
필경;5977;13
용비;5977;13
일선;5977;13
형연;5977;13
설훈;5977;13
택범;5977;13
예록;5977;13
리영;5977;13
여헌;5977;13
해명;5977;13
탐;5977;13
중섭;5977;13
효안;5977;13
수람;5977;13
히로;5977;13
치혁;5977;13
야긴;5977;13
덕희;5977;13
계영;5977;13
려민;5977;13
강렬;5977;13
가람휘;5977;13
준담;5977;13
로익;5977;13
류성;5977;13
유랑;5977;13
예덕;5977;13
율래;5977;13
용완;5977;13
대이;5977;13
의근;5977;13
원녕;5977;13
강오;5977;13
도야;5977;13
고호;5977;13
아구스틴;5977;13
은영;5977;13
중범;5977;13
근엽;5977;13
요;5977;13
득현;5977;13
형언;5977;13
천율;5977;13
선필;5977;13
찬해;5977;13
명휘;5977;13
용해;5977;13
기배;5977;13
권오;5977;13
황대;5977;13
마누엘;5977;13
휘빈;5977;13
신기;5977;13
민행;5977;13
성봉;5977;13
평원;5977;13
귀영;5977;13
홍관;5977;13
카이토;5977;13
민슬;5977;13
무림;5977;13
단현;5977;13
표성;5977;13
선흠;5977;13
근탁;5977;13
하도;5977;13
재흔;5977;13
재순;5977;13
연홍;5977;13
시건;5977;13
승복;5977;13
치유;5977;13
승선;5977;13
필호;5977;13
본무;5977;13
운비;5977;13
혜명;5977;13
죠나단;5977;13
다산;5977;13
휘안;5977;13
철순;5977;13
화민;5977;13
익훈;5977;13
문용;5977;13