Nome;Ranking;Incidencia
서연;1;35647
서윤;2;34342
지우;3;30009
서현;4;29070
민서;5;27935
하은;6;26936
하윤;7;25992
윤서;8;23692
지유;9;22862
지민;10;22707
채원;11;22157
지윤;12;20891
은서;13;20830
수아;14;20778
다은;15;20302
예은;16;19516
지아;17;18613
수빈;18;18544
소율;19;18041
예린;20;17547
예원;21;17400
지원;22;17077
소윤;23;16681
지안;24;16170
하린;25;15480
시은;26;15367
유진;27;15259
채은;28;14683
윤아;29;14365
유나;30;14284
가은;31;14238
서영;32;13902
민지;33;13686
예진;34;13514
서아;35;13465
수민;36;13176
수연;37;12900
연우;38;12813
예나;39;12697
예서;40;12387
주아;41;12293
시연;42;11820
연서;43;11598
하율;44;11456
다인;45;11309
다연;46;11038
시아;47;10976
아인;48;10924
현서;49;10856
서은;50;10731
유주;51;10674
아린;52;10578
서우;53;10475
하연;54;10287
서율;55;10268
서진;56;10247
채윤;57;10238
유빈;58;10166
지율;59;10114
나윤;60;10015
수현;61;9988
예지;62;9809
다현;63;9722
소은;64;9056
나은;65;9027
나연;66;9024
지은;67;9003
민주;68;8936
아윤;69;8837
사랑;70;8833
시현;71;8747
예빈;72;8714
윤지;73;8682
서하;74;8667
지현;75;8564
소연;76;8524
혜원;77;8137
지수;78;8108
은채;79;8106
주하;80;8050
채아;81;7827
승아;82;7800
다윤;83;7554
소민;84;7502
서희;85;7402
나현;86;7365
민아;87;7355
채린;88;7332
하영;89;7288
세아;90;7238
세은;91;7214
도연;92;7112
규리;93;7091
아영;94;7075
다온;95;6778
가윤;96;6679
지연;97;6670
예림;98;6626
태희;99;6460
민채;100;6444
주은;101;6408
시윤;102;6347
유정;103;6318
연아;104;6258
소현;105;6179
아현;106;6167
보민;107;6159
민정;108;6148
수진;109;6015
현지;110;6014
민경;111;5928
정원;112;5889
나경;113;5871
가현;114;5835
세연;115;5686
은지;116;5657
윤하;117;5649
가연;118;5648
지효;119;5624
가온;120;5482
라희;121;5377
예슬;122;5317
채연;123;5283
한별;124;5247
현아;125;5179
하늘;126;5096
소희;127;5070
효주;128;4950
유림;129;4949
유하;130;4931
채민;131;4835
은솔;132;4832
봄;133;4779
주연;134;4724
가영;134;4724
예주;136;4714
소이;137;4703
유리;138;4624
혜린;139;4589
하진;140;4585
다희;141;4571
하랑;142;4521
하나;143;4450
태연;144;4444
설아;145;4439
윤슬;146;4432
은우;147;4413
하람;148;4403
다혜;149;4395
다솜;150;4370
혜인;151;4359
지혜;152;4348
유민;153;4342
재인;154;4329
승연;155;4311
다빈;156;4282
수인;157;4265
재이;158;4239
지영;159;4229
수정;160;4188
리아;161;4184
시온;162;4138
은유;163;4127
채영;164;4116
주원;165;4086
고은;166;4038
태린;167;4034
태은;168;3992
지후;169;3972
아라;170;3912
민하;171;3846
나영;171;3846
수지;173;3844
소영;174;3830
단아;175;3730
은별;176;3727
서인;177;3702
보경;178;3664
다영;179;3651
주희;180;3615
가빈;181;3611
채현;182;3608
정민;183;3560
예솔;184;3528
시우;185;3455
효린;186;3451
지온;187;3441
정윤;188;3397
소정;189;3384
라온;190;3381
은재;191;3376
세빈;192;3369
한나;193;3348
연재;194;3338
채이;195;3334
서빈;196;3324
예담;197;3305
슬아;198;3277
아진;199;3267
해인;200;3261
아연;201;3254
연주;202;3225
도희;203;3223
보미;204;3222
예인;205;3197
지호;206;3189
나율;207;3188
서정;208;3178
다원;209;3172
하음;210;3143
정연;211;3135
별;212;3125
은빈;213;3121
다율;214;3114
서원;215;3070
율;216;3063
세인;217;3062
효은;218;3061
연지;219;3040
준희;220;3031
재희;221;3029
지인;222;3000
채희;222;3000
도은;224;2998
은비;225;2953
다경;226;2951
리원;227;2926
채빈;228;2913
소미;229;2905
희원;230;2900
가인;231;2880
윤주;232;2851
유은;233;2832
혜민;234;2812
미소;235;2808
루아;236;2783
솔;237;2775
은수;238;2717
혜진;239;2712
은율;240;2701
세린;241;2697
이안;242;2666
리안;243;2662
은혜;244;2644
연수;245;2636
재은;246;2615
하민;247;2610
설;247;2610
아름;249;2607
로아;250;2605
유라;251;2604
효원;252;2600
라윤;253;2587
현진;254;2573
유이;255;2554
민영;256;2545
이현;257;2529
선우;258;2527
단비;259;2515
혜빈;259;2515
하온;261;2489
정현;262;2482
혜윤;263;2475
온유;264;2466
윤;265;2444
세영;266;2426
정은;267;2420
제인;268;2400
여진;269;2387
채율;270;2386
가을;271;2361
민솔;272;2359
윤진;273;2341
라엘;274;2333
은성;275;2329
세희;276;2318
유경;277;2298
여원;278;2297
현정;279;2296
서린;280;2289
가람;281;2285
주현;282;2279
윤채;283;2257
소원;284;2244
진서;285;2239
나린;285;2239
은설;287;2235
현주;288;2231
도경;289;2215
하엘;290;2207
연희;291;2205
해나;292;2200
혜림;293;2187
효민;294;2186
진아;295;2110
다정;296;2099
주영;297;2065
가희;297;2065
제이;299;2063
혜리;300;2048
라임;301;2047
소담;302;2044
하빈;303;2041
규빈;304;2000
지예;305;1994
지희;306;1983
태리;307;1979
수영;308;1978
효빈;309;1971
희주;310;1969
다예;311;1946
시원;312;1944
아림;313;1940
리나;314;1935
려원;315;1892
승희;316;1866
은진;317;1858
가율;318;1830
시율;319;1823
하정;320;1807
혜주;321;1800
시영;322;1794
윤희;323;1789
다민;324;1785
효정;324;1785
하리;326;1781
이나;327;1754
이솔;328;1753
선아;329;1746
나희;330;1741
해솔;331;1737
은아;332;1731
희진;333;1730
효진;334;1726
정인;335;1718
하경;336;1712
윤정;337;1711
성은;337;1711
승현;339;1708
규린;340;1701
윤솔;341;1665
영은;342;1661
새봄;342;1661
유안;344;1629
지오;345;1625
송현;346;1621
해린;347;1618
재아;348;1617
소유;349;1605
은영;350;1603
선유;351;1600
영서;352;1593
인서;353;1586
보영;354;1579
아율;355;1558
서이;356;1553
규림;357;1548
태이;358;1535
민선;359;1530
은하;360;1524
민희;361;1519
아정;362;1514
하임;363;1510
이서;364;1509
세현;365;1506
우리;366;1503
도윤;367;1490
도아;368;1485
아란;369;1480
승주;370;1477
혜나;371;1476
효림;372;1446
별하;373;1441
가원;374;1416
선영;375;1415
하늬;376;1404
수린;377;1403
예온;378;1389
예리;379;1386
시하;380;1384
담희;381;1369
도영;382;1342
희수;383;1327
다솔;384;1325
정아;384;1325
루리;386;1315
선율;387;1312
희연;388;1310
라은;389;1301
한비;390;1289
은정;391;1278
희서;392;1276
송연;393;1274
해원;394;1269
예람;395;1267
이수;396;1265
시안;396;1265
서경;398;1256
혜연;399;1247
라율;400;1240
리하;401;1228
은;401;1228
하원;401;1228
지나;404;1221
다해;405;1220
유미;406;1219
린;407;1214
유현;408;1213
아람;409;1212
예랑;409;1212
은주;411;1206
윤영;412;1198
하루;412;1198
빛나;414;1195
여은;415;1192
우주;416;1184
세령;417;1166
경민;418;1147
하라;419;1146
세진;420;1140
예령;421;1138
예영;422;1121
혜정;423;1119
예윤;423;1119
진;425;1110
수안;426;1102
로하;427;1098
진희;428;1084
초아;429;1077
나예;430;1076
수하;431;1072
수경;432;1065
누리;433;1061
아리;434;1058
진주;435;1055
인아;436;1054
태경;437;1051
민진;438;1049
나원;439;1033
윤설;440;1030
민;441;1023
보현;442;1019
인영;443;1017
이레;444;1016
하선;445;1013
성연;446;1010
승은;447;1003
태인;448;995
정빈;449;994
예현;450;990
다미;451;988
경은;452;980
연진;453;966
유담;454;962
해윤;455;959
나래;456;958
희정;457;953
소예;458;950
규원;459;946
가민;460;932
한솔;461;931
서안;462;919
여울;463;907
세하;464;898
여름;465;894
희윤;465;894
도이;467;892
다겸;467;892
율아;469;891
채하;470;889
규민;471;888
로희;472;886
이진;473;880
세나;474;879
아민;475;878
서유;476;871
나라;477;865
혜은;478;863
시유;479;860
재연;480;856
세윤;481;855
지선;482;853
세라;483;852
하이;484;849
해리;485;843
슬;486;838
안나;487;834
채령;488;832
혜영;489;828
재윤;490;824
미나;491;823
루다;492;822
현;493;807
태림;494;801
주혜;494;801
루나;496;798
민설;497;796
연후;497;796
린아;499;793
혜령;500;785
보윤;501;783
진영;502;774
에스더;503;773
초은;504;762
슬기;505;758
세림;506;757
유희;507;756
보람;507;756
예봄;509;753
성아;510;750
기쁨;511;747
채림;512;743
시언;513;742
다나;514;740
송이;514;740
윤경;516;739
미주;516;739
로운;518;734
은송;519;733
보라;520;730
지애;521;727
설하;522;720
승하;523;719
사라;524;715
리우;524;715
도현;526;714
현경;527;704
설희;528;701
영주;529;699
민재;530;696
로은;531;692
효인;532;688
주빈;533;687
보빈;534;685
소망;535;676
예승;535;676
주이;537;670
세민;538;667
예음;539;662
아랑;540;660
나혜;541;659
라원;542;658
은결;542;658
이은;544;657
샛별;545;653
혜지;546;652
예하;547;651
소진;547;651
민유;549;648
한결;550;644
태영;551;642
서후;552;639
은경;553;637
하림;553;637
연두;555;636
선민;556;630
보연;557;625
율희;558;622
유솔;559;621
은희;560;619
연정;561;618
제니;562;615
규연;563;613
율하;564;610
세이;564;610
라현;566;609
은호;567;607
고운;568;606
예안;568;606
희선;570;598
은교;571;595
보은;571;595
율리;573;593
세정;574;592
가령;575;591
재원;576;589
호연;577;587
송희;578;586
나림;579;584
영채;580;580
제나;581;578
지언;581;578
희은;583;570
승민;584;569
시호;584;569
채안;586;564
예율;586;564
서온;588;563
현희;589;562
민교;590;558
지빈;591;557
재영;592;555
선하;593;554
하현;593;554
주윤;595;552
효리;595;552
도담;597;547
재경;597;547
강희;599;540
세경;600;539
예설;600;539
수희;602;537
소빈;603;533
선주;603;533
우림;605;530
해온;606;529
이엘;606;529
세원;608;528
루하;608;528
조이;610;526
주미;611;523
희영;612;522
연경;613;519
미래;613;519
민혜;613;519
승혜;616;516
희재;617;515
은선;617;515
혜선;619;513
제아;619;513
경빈;619;513
미진;622;512
윤선;622;512
민송;624;510
유선;624;510
채경;624;510
성현;624;510
주안;628;508
근영;629;507
나엘;629;507
인혜;629;507
보아;632;505
예성;633;504
수미;634;500
로이;635;499
하령;636;498
현영;637;497
세미;638;495
이랑;639;494
희;640;493
혜율;640;493
다엘;642;492
도원;643;490
이담;644;489
호정;645;486
한서;645;486
태윤;647;485
경원;647;485
새론;649;482
려은;650;479
성희;651;477
아은;652;476
도하;653;475
윤빈;654;472
해민;654;472
다애;656;471
서주;657;470
윤우;658;467
소을;658;467
보배;658;467
선미;661;466
미정;662;464
혜수;663;463
준서;664;462
나리;665;461
소울;665;461
선혜;665;461
애린;665;461
유아;669;456
혜미;670;453
지이;671;451
선;672;450
윤이;673;449
레아;674;447
예희;675;446
민소;675;446
선희;677;444
연;677;444
샤론;679;440
이정;679;440
정희;679;440
세온;682;438
리온;683;437
슬비;684;436
정음;684;436
연화;684;436
초원;687;433
가림;688;431
예소;689;430
새별;689;430
루비;691;429
수윤;691;429
담이;693;428
솔희;694;423
유연;695;422
채리;695;422
진솔;697;420
나겸;698;419
시후;699;418
나온;699;418
혜성;701;417
솔비;701;417
규나;703;416
서령;703;416
정하;705;415
효연;706;414
유린;707;413
어진;708;411
루미;709;410
리윤;710;409
유지;711;406
혜승;712;405
건희;713;404
단희;713;404
금비;715;403
이슬;715;403
선빈;717;402
보나;717;402
이든;717;402
신비;720;401
연하;720;401
윤비;720;401
영인;723;400
루희;724;399
효경;724;399
규은;726;397
이설;727;395
정안;728;394
정서;729;393
지음;729;393
한슬;731;392
리예;732;391
초희;733;389
설현;733;389
은후;733;389
서형;736;388
소리;737;387
은세;737;387
예솜;739;386
신영;739;386
진하;741;385
혜서;741;385
효서;743;384
지서;744;382
찬희;745;381
채유;746;380
조은;747;378
미경;748;377
원희;749;376
단;750;375
리현;750;375
솔빈;750;375
다운;753;372
수림;753;372
솔민;755;370
유영;756;369
해빈;757;368
우정;758;367
해진;758;367
이지;760;366
승미;761;365
아빈;761;365
선경;763;364
환희;764;362
현채;764;362
의진;764;362
하솜;764;362
혜경;768;361
주리;768;361
경서;768;361
원;768;361
빈;772;360
효재;772;360
해림;774;359
솜;775;358
은효;776;356
예준;777;355
우진;778;354
가경;778;354
소라;780;352
봄이;781;351
선화;782;350
은미;783;349
윤성;784;348
채인;784;348
세리;786;346
신혜;787;345
진경;787;345
채언;789;344
여정;790;343
한빛;790;343
라연;792;342
다흰;792;342
승유;794;340
희경;794;340
푸름;794;340
화영;794;340
서림;798;339
영현;799;337
상은;799;337
상은;799;337
상아;802;336
연제;803;333
예선;803;333
은민;805;332
수예;806;331
소혜;807;329
지운;807;329
희우;809;328
승빈;810;327
은총;811;325
민성;811;325
나나;811;325
담;814;323
성주;814;323
리사;816;321
결;817;319
승원;817;319
하담;817;319
태현;817;319
주예;821;318
다슬;822;317
주언;823;316
그린;823;316
예송;823;316
솔지;826;315
윤재;827;314
규희;827;314
현수;829;313
경아;829;313
소린;831;312
하니;832;311
찬미;832;311
단하;834;309
유원;834;309
미연;836;308
송하;837;307
엘리;838;306
초연;838;306
단우;840;305
현선;840;305
지솔;842;304
아원;842;304
유비;842;304
래아;845;301
솔아;845;301
채우;847;300
혜준;848;299
은조;849;298
애리;850;297
한울;851;296
규비;852;295
규아;852;295
승리;854;293
현민;855;292
연호;856;291
미영;856;291
성윤;856;291
하얀;856;291
제희;860;290
현이;861;289
민슬;862;287
수은;862;287
동희;862;287
미서;862;287
승윤;862;287
수애;867;286
영지;867;286
진이;867;286
현비;867;286
윤혜;871;285
진유;871;285
영아;873;283
하솔;873;283
인하;875;281
유화;876;280
경희;877;279
미현;877;279
예경;879;278
수;880;277
한율;881;276
해연;881;276
새롬;881;276
조안;881;276
이린;885;275
미선;885;275
해율;885;275
비;888;274
규미;888;274
마리;890;273
율이;890;273
혜온;890;273
초이;890;273
자윤;890;273
다올;895;272
은제;895;272
우빈;895;272
바다;895;272
성경;895;272
승지;900;271
준영;901;270
이주;901;270
세율;901;270
미우;904;269
해슬;905;268
해담;906;267
인경;907;266
가린;907;266
하유;909;265
레나;909;265
원영;911;264
벼리;911;264
소명;913;263
정화;913;263
래은;915;262
인애;915;262
솔이;915;262
명주;918;261
비주;919;258
유;919;258
유니;919;258
설리;922;257
루빈;922;257
희나;924;254
자은;925;253
담비;926;252
명지;926;252
해은;928;251
희지;929;250
소운;929;250
다유;931;249
리유;931;249
은찬;933;247
경진;933;247
이룸;935;246
보겸;935;246
경미;935;246
혜담;938;245
예닮;939;244
서혜;940;243
아이린;940;243
여경;940;243
준이;943;240
솔미;944;239
효선;944;239
미지;944;239
예정;947;237
새나;948;236
지향;949;235
서휘;949;235
보리;949;235
명진;949;235
도혜;953;234
준아;953;234
린하;953;234
상희;956;233
이음;956;233
이솜;956;233
자인;959;232
명서;960;230
소하;960;230
여빈;962;228
지해;962;228
해랑;962;228
송아;965;227
윤미;966;226
한희;967;225
유란;967;225
혜솔;969;224
도예;970;223
노을;970;223
한아;970;223
우경;973;221
우영;973;221
자영;973;221
재나;976;220
재린;977;219
송은;977;219
채정;979;218
설화;979;218
영선;979;218
이재;982;217
다진;983;216
아미;983;216
성민;985;215
은빛;986;214
설린;987;213
나령;987;213
자연;987;213
나빈;987;213
미유;991;212
효담;991;212
수련;991;212
예본;994;211
승효;995;209
효영;995;209
세화;995;209
수화;998;207
우희;998;207
리엘;1000;206
올리비아;1000;206
효우;1000;206
리엘;1000;206
로라;1004;204
나정;1004;204
정미;1006;203
보름;1006;203
성빈;1008;202
시엘;1008;202
교은;1010;201
다을;1011;200
초윤;1011;200
혜슬;1011;200
모아;1011;200
도유;1015;199
영미;1015;199
예연;1015;199
가예;1018;198
부경;1018;198
안;1020;197
가언;1020;197
민결;1022;195
문정;1023;194
이연;1023;194
리연;1025;193
한이;1025;193
승비;1027;192
연이;1027;192
호은;1029;191
하란;1029;191
여민;1029;191
현하;1032;190
예아;1032;190
믿음;1032;190
성하;1032;190
윤나;1036;189
미희;1036;189
시진;1036;189
하울;1036;189
리율;1036;189
비아;1041;188
지형;1041;188
성원;1043;187
다비;1043;187
하을;1045;186
가흔;1045;186
주엘;1045;186
주경;1045;186
은샘;1045;186
화연;1050;185
애나;1050;185
온;1050;185
신우;1053;184
란;1053;184
리은;1053;184
소피아;1056;183
미송;1056;183
윤화;1058;182
현승;1058;182
설빈;1060;181
주비;1060;181
희율;1062;180
별이;1062;180
하주;1062;180
상미;1062;180
하언;1066;179
채운;1066;179
성미;1066;179
해영;1069;178
라경;1069;178
랑;1069;178
요원;1069;178
라영;1069;178
우린;1074;177
유온;1074;177
미성;1074;177
이원;1077;176
혜랑;1077;176
미솔;1079;175
리혜;1079;175
보림;1079;175
우연;1079;175
지니;1083;174
아령;1083;174
동은;1083;174
재민;1083;174
미르;1087;173
노아;1087;173
제은;1087;173
다교;1087;173
효아;1091;172
청아;1091;172
지완;1093;171
경림;1093;171
이경;1093;171
초현;1093;171
선정;1097;170
영경;1097;170
노엘;1099;169
근아;1099;169
근아;1099;169
새은;1102;168
윤민;1102;168
혜란;1102;168
혜교;1102;168
문주;1106;167
루이;1106;167
은소;1106;167
강은;1106;167
기연;1110;166
진선;1110;166
예다;1112;165
희엘;1112;165
효윤;1114;164
해서;1114;164
유슬;1114;164
송;1117;163
채미;1117;163
원정;1117;163
희민;1117;163
정혜;1117;163
해령;1117;163
미란;1117;163
동주;1124;162
지성;1124;162
예라;1124;162
소아;1124;162
경현;1128;161
혜안;1128;161
미리;1128;161
문경;1128;161
윤수;1128;161
송윤;1128;161
예니;1134;160
영빈;1134;160
영;1134;160
단미;1134;160
승이;1138;159
윤별;1138;159
단영;1138;159
주애;1138;159
의정;1142;158
태율;1142;158
예별;1142;158
조아;1142;158
정우;1142;158
연오;1147;157
래인;1147;157
경화;1147;157
엘;1150;156
재현;1150;156
찬비;1150;156
슬빈;1150;156
엘라;1150;156
현유;1150;156
해밀;1150;156
원경;1157;155
리호;1158;154
인희;1158;154
자민;1160;153
현빈;1160;153
다울;1162;152
선재;1162;152
주;1162;152
리;1162;152
다임;1166;151
민수;1166;151
은새;1166;151
영진;1166;151
시예;1170;150
인선;1170;150
초롱;1170;150
보담;1170;150
이영;1170;150
원지;1175;149
라빈;1176;148
차윤;1176;148
미령;1176;148
주향;1176;148
라나;1180;147
수혜;1180;147
해든;1180;147
송주;1180;147
경주;1180;147
이령;1185;146
채나;1185;146
마음;1187;145
정효;1187;145
차은;1187;145
민승;1187;145
솔하;1187;145
아희;1192;144
태라;1192;144
선예;1192;144
송민;1192;144
태미;1192;144
아임;1192;144
현솔;1198;143
화정;1199;142
다린;1199;142
명은;1199;142
하희;1199;142
화정;1199;142
가혜;1199;142
명희;1199;142
예란;1206;141
영희;1206;141
희현;1206;141
소휘;1206;141
나언;1206;141
휘서;1206;141
보예;1212;140
수이;1212;140
신유;1212;140
성혜;1215;139
인지;1215;139
이빈;1217;138
선진;1217;138
태령;1217;138
해정;1217;138
에린;1221;137
다니;1221;137
서호;1221;137
하서;1224;136
유람;1224;136
한음;1224;136
윤소;1224;136
영화;1228;135
현송;1228;135
신애;1228;135
푸른;1228;135
수원;1232;134
소언;1232;134
혜현;1234;133
라헬;1234;133
태유;1236;132
나운;1236;132
경연;1238;131
라이;1238;131
예강;1238;131
인화;1238;131
화진;1238;131
유송;1238;131
한설;1238;131
나우;1238;131
클로이;1246;130
영원;1246;130
영민;1246;130
혜아;1249;129
호경;1250;128
희망;1250;128
희아;1252;127
애진;1252;127
기은;1254;126
유채;1254;126
신아;1254;126
레;1254;126
재하;1254;126
해수;1254;126
엘린;1254;126
희라;1254;126
성령;1262;125
규진;1262;125
인주;1264;124
문영;1264;124
주민;1264;124
열음;1264;124
미혜;1264;124
미화;1269;123
가이;1269;123
채진;1271;122
보희;1272;121
효령;1272;121
은해;1272;121
라혜;1272;121
나형;1272;121
교빈;1277;120
아리아;1277;120
가비;1279;119
다언;1279;119
그림;1279;119
민이;1279;119
유엘;1279;119
향기;1284;118
로미;1284;118
은겸;1284;118
현화;1284;118
이봄;1284;118
새하;1284;118
태양;1284;118
민제;1284;118
다봄;1284;118
혜라;1293;117
남주;1293;117
승채;1293;117
여린;1293;117
우현;1293;117
인우;1293;117
재빈;1293;117
별아;1300;116
별아;1300;116
리애;1300;116
효나;1300;116
도율;1300;116
규영;1305;115
해미;1305;115
아경;1305;115
유설;1305;115
애림;1305;115
은담;1310;114
아루;1310;114
재령;1310;114
단이;1310;114
장미;1310;114
서언;1310;114
희온;1310;114
수향;1310;114
경윤;1310;114
혜윰;1319;113
근혜;1319;113
윤송;1319;113
단유;1319;113
남경;1319;113
승언;1319;113
한주;1325;112
혜련;1325;112
여림;1325;112
두나;1325;112
민형;1325;112
희승;1325;112
겨울;1325;112
제연;1332;111
미림;1332;111
여주;1332;111
송원;1332;111
화음;1332;111
은애;1332;111
희림;1332;111
화윤;1339;110
그레이스;1339;110
수비;1339;110
호윤;1339;110
리라;1339;110
다안;1339;110
정언;1339;110
담은;1339;110
미아;1347;109
재서;1347;109
라하;1347;109
서효;1347;109
설이;1351;108
서예;1351;108
희령;1351;108
수리;1351;108
나임;1355;107
미루;1355;107
민효;1355;107
류경;1355;107
미향;1359;106
나진;1359;106
설연;1359;106
하송;1359;106
준;1359;106
레이나;1359;106
새벽;1359;106
늘;1359;106
다하;1367;105
래나;1367;105
한봄;1367;105
나;1370;104
민화;1370;104
경린;1370;104
지홍;1370;104
다움;1374;103
수완;1374;103
이소;1374;103
소형;1374;103
현우;1378;102
주화;1378;102
려진;1378;102
을;1378;102
보혜;1378;102
새미;1378;102
신희;1378;102
효현;1378;102
시향;1386;101
민조;1386;101
우인;1386;101
선후;1386;101
하;1386;101
은기;1386;101
유신;1386;101
가형;1386;101
휘연;1386;101
규현;1395;100
기령;1395;100
하미;1395;100
미수;1395;100
희성;1399;99
라예;1399;99
희성;1399;99
엘림;1399;99
민별;1399;99
아로;1399;99
지담;1405;98
그루;1405;98
명빈;1405;98
제윤;1405;98
림;1405;98
서화;1405;98
승화;1405;98
진원;1405;98
은이;1413;97
송미;1413;97
경하;1413;97
소향;1413;97
별희;1413;97
미;1413;97
은오;1419;96
류아;1419;96
유인;1419;96
동화;1422;95
연송;1422;95
한빈;1422;95
윤형;1422;95
규랑;1422;95
자현;1422;95
민율;1428;94
래현;1428;94
찬송;1428;94
아솔;1428;94
리영;1428;94
들;1428;94
은화;1428;94
주나;1428;94
소람;1428;94
이루;1428;94
라미;1428;94
초하;1428;94
의주;1428;94
은슬;1441;93
산들;1441;93
근희;1441;93
선애;1441;93
라인;1441;93
지미;1441;93
맑음;1441;93
지헌;1441;93
효지;1441;93
마린;1450;92
유수;1450;92
기민;1450;92
하예;1450;92
보정;1450;92
하봄;1450;92
사나;1456;91
슬이;1456;91
정주;1456;91
화은;1456;91
로윤;1456;91
승예;1456;91
열매;1456;91
두리;1456;91
보금;1456;91
주형;1465;90
재니;1465;90
경;1465;90
영혜;1465;90
솔리;1469;89
한영;1469;89
호영;1469;89
루안;1469;89
주율;1469;89
진리;1469;89
찬주;1469;89
자빈;1469;89
채서;1469;89
인;1478;88
지하;1478;88
나민;1478;88
서지;1478;88
현나;1478;88
노은;1478;88
송비;1478;88
영애;1478;88
경선;1486;87
은률;1486;87
서미;1486;87
남희;1486;87
이;1486;87
보령;1486;87
의현;1486;87
엠마;1486;87
하름;1494;86
금주;1494;86
이선;1494;86
명선;1494;86
규담;1494;86
은형;1494;86
사야;1494;86
윤조;1501;85
강;1501;85
라라;1501;85
영윤;1501;85
채완;1501;85
재유;1501;85
희빈;1501;85
사빈;1501;85
은규;1501;85
동연;1501;85
인비;1511;84
슬희;1511;84
아엘;1511;84
선윤;1511;84
다송;1511;84
미강;1511;84
해니;1511;84
시내;1511;84
소헌;1519;83
여준;1519;83
영하;1519;83
소흔;1519;83
경란;1519;83
채니;1519;83
의서;1525;82
가나;1525;82
시경;1525;82
래원;1525;82
리지;1525;82
경인;1525;82
로빈;1525;82
시형;1525;82
미애;1525;82
동하;1525;82
신지;1535;81
리진;1535;81
연교;1535;81
해성;1535;81
나루;1535;81
소호;1535;81
금별;1541;80
해봄;1541;80
성화;1541;80
윤담;1541;80
혜람;1541;80
샘;1541;80
이화;1541;80
채담;1541;80
진현;1541;80
현미;1550;79
려경;1550;79
아나;1550;79
초빈;1550;79
윤제;1550;79
유겸;1550;79
태임;1550;79
새연;1557;78
해아;1557;78
시효;1557;78
휘;1557;78
의연;1557;78
나음;1557;78
세란;1557;78
연빈;1564;77
지슬;1564;77
새온;1564;77
채화;1564;77
인정;1564;77
아론;1564;77
하겸;1570;76
서로;1570;76
여온;1570;76
지요;1570;76
마리아;1570;76
채련;1570;76
시화;1570;76
하슬;1570;76
호수;1570;76
민체;1570;76
윤후;1570;76
우미;1570;76
빛;1582;75
솔잎;1582;75
윤교;1582;75
예민;1582;75
이림;1582;75
아련;1582;75
가진;1582;75
슬혜;1582;75
오름;1582;75
연솔;1582;75
예빛;1582;75
태하;1582;75
고원;1582;75
이윤;1595;74
서담;1595;74
진화;1595;74
가음;1595;74
호진;1595;74
제린;1595;74
규인;1595;74
가음;1595;74
서담;1595;74
제린;1595;74
교린;1595;74
나미;1606;73
서랑;1606;73
해선;1606;73
보늬;1606;73
채온;1606;73
시운;1606;73
이율;1606;73
다래;1606;73
드림;1606;73
담윤;1606;73
온비;1606;73
우솔;1617;72
율비;1617;72
여령;1617;72
태란;1617;72
나봄;1617;72
원아;1617;72
슬하;1623;71
상화;1623;71
채명;1623;71
채움;1623;71
에셀;1623;71
효이;1623;71
소림;1623;71
찬양;1623;71
규란;1623;71
초록;1623;71
시헌;1623;71
찬유;1623;71
하별;1623;71
보원;1623;71
태빈;1623;71
루시;1623;71
민예;1623;71
자경;1623;71
령은;1641;70
시흔;1641;70
주해;1641;70
세랑;1641;70
연선;1641;70
예루;1641;70
성지;1641;70
유향;1648;69
효성;1648;69
제하;1648;69
효제;1648;69
송빈;1648;69
준경;1648;69
새린;1648;69
미라;1655;68
아;1655;68
은초;1655;68
예운;1655;68
초영;1655;68
금희;1655;68
리인;1655;68
본;1655;68
혜강;1655;68
하운;1655;68
아온;1655;68
도언;1666;67
인해;1666;67
해별;1666;67
건아;1666;67
로사;1666;67
경자;1666;67
하론;1666;67
세련;1666;67
선형;1666;67
햇살;1666;67
지한;1666;67
새라;1666;67
로와;1666;67
소나;1666;67
송화;1666;67
주선;1666;67
도휘;1666;67
래희;1666;67
주니;1684;66
희유;1684;66
란희;1684;66
린우;1684;66
세비;1684;66
소안;1684;66
교연;1684;66
찬영;1684;66
여리;1684;66
정후;1684;66
보율;1684;66
가엘;1695;65
다함;1695;65
홍주;1695;65
제영;1695;65
기현;1695;65
건영;1695;65
원서;1695;65
기현;1695;65
제영;1695;65
시오;1695;65
명화;1695;65
다함;1695;65
건영;1695;65
가엘;1695;65
태민;1695;65
제시카;1710;64
형주;1710;64
아중;1710;64
은나;1710;64
세음;1710;64
미호;1710;64
라니;1710;64
채울;1710;64
래윤;1710;64
예신;1719;63
다옴;1719;63
효비;1719;63
슬예;1722;62
연성;1722;62
다별;1722;62
상하;1722;62
태정;1722;62
나슬;1722;62
금빈;1722;62
호린;1722;62
유승;1722;62
강이;1722;62
마야;1722;62
루디아;1722;62
유의;1722;62
이아;1735;61
이라;1735;61
은향;1735;61
영우;1735;61
태랑;1735;61
혜송;1735;61
다효;1735;61
니나;1735;61
석영;1735;61
라음;1735;61
정수;1735;61
이람;1735;61
찬서;1735;61
세주;1735;61
희호;1735;61
선이;1735;61
휘원;1751;60
효언;1751;60
정이;1751;60
다감;1751;60
루원;1751;60
이플;1751;60
류하;1757;59
의선;1757;59
동아;1757;59
미승;1757;59
지엘;1757;59
은현;1757;59
다형;1757;59
리빈;1757;59
원빈;1757;59
진효;1757;59
원진;1757;59
누림;1757;59
린지;1757;59
윤결;1757;59
희린;1757;59
보화;1757;59
영림;1757;59
은강;1774;58
서란;1774;58
여운;1774;58
릴리;1774;58
화린;1774;58
이유;1774;58
진우;1774;58
신;1774;58
리희;1774;58
세담;1774;58
새빈;1774;58
효미;1774;58
예섬;1774;58
예겸;1774;58
정온;1774;58
루인;1789;57
래이;1789;57
리주;1789;57
의영;1789;57
지;1789;57
난희;1789;57
효승;1789;57
원주;1789;57
연채;1789;57
차연;1789;57
소의;1789;57
보하;1789;57
리주;1789;57
지;1789;57
승휘;1789;57
차연;1789;57
설윤;1789;57
서;1806;56
윤해;1806;56
은령;1806;56
지명;1806;56
서엘;1806;56
영란;1806;56
한송;1806;56
본아;1806;56
재림;1806;56
보결;1806;56
미교;1806;56
연미;1806;56
화경;1806;56
영순;1806;56
성유;1806;56
세빛;1821;55
루시아;1821;55
예을;1821;55
가야;1821;55
서의;1821;55
루민;1821;55
보선;1821;55
화원;1821;55
에밀리;1821;55
설민;1821;55
서라;1821;55
승진;1821;55
사란;1821;55
영자;1821;55
리경;1821;55
난아;1821;55
애미;1821;55
단율;1838;54
승경;1838;54
향;1838;54
서임;1838;54
에이미;1838;54
민우;1838;54
여나;1838;54
수호;1838;54
빅토리아;1838;54
홍;1838;54
차희;1838;54
다름;1838;54
리서;1838;54
기영;1838;54
태나;1838;54
반희;1853;53
채슬;1853;53
원우;1853;53
빈나;1853;53
란아;1853;53
가률;1853;53
나해;1853;53
도린;1853;53
도빈;1853;53
차영;1853;53
보인;1853;53
수형;1853;53
리오;1853;53
휘영;1853;53
산;1853;53
나유;1853;53
혜니;1869;52
연홍;1869;52
율리아;1869;52
서나;1869;52
희솔;1869;52
해람;1869;52
마루;1869;52
기주;1869;52
애은;1869;52
달리;1869;52
화미;1879;51
청하;1879;51
수나;1879;51
희담;1879;51
리한;1879;51
은원;1879;51
설원;1879;51
해;1879;51
선효;1879;51
진명;1879;51
태서;1879;51
초린;1879;51
영숙;1879;51
이준;1879;51
혜;1879;51
가운;1879;51
닻별;1879;51
리후;1879;51
의령;1879;51
순희;1898;50
이본;1898;50
명원;1898;50
윤겸;1898;50
률희;1898;50
명원;1898;50
나애;1898;50
순희;1898;50
정임;1898;50
름;1898;50
행복;1898;50
조앤;1898;50
이본;1898;50
아이리;1898;50
준휘;1898;50
유우;1898;50
다휘;1898;50
바름;1898;50
담율;1898;50
지송;1898;50
정애;1898;50
로나;1898;50
보송;1920;49
서준;1920;49
미가;1920;49
희애;1920;49
현율;1920;49
희랑;1920;49
채형;1920;49
우아;1920;49
화인;1920;49
신예;1920;49
새얀;1920;49
휘주;1920;49
교영;1920;49
로지;1920;49
헤나;1920;49
희제;1920;49
루라;1920;49
세람;1937;48
리앙;1937;48
기량;1937;48
희란;1937;48
여람;1937;48
해강;1937;48
아유;1937;48
정자;1937;48
고윤;1937;48
보명;1937;48
아성;1937;48
현숙;1937;48
찬솔;1937;48
한;1937;48
서음;1937;48
메이;1937;48
륜하;1937;48
해라;1937;48
청미;1937;48
스텔라;1956;47
기빈;1956;47
엘레나;1956;47
은봄;1956;47
새인;1956;47
미리내;1956;47
미사;1956;47
요은;1956;47
설우;1956;47
예든;1956;47
라유;1956;47
해이;1956;47
유가;1956;47
종은;1956;47
률아;1956;47
선현;1956;47
려온;1956;47
은실;1956;47
비안;1974;46
은상;1974;46
한샘;1974;46
율빈;1974;46
예화;1974;46
현슬;1974;46
형은;1974;46
금빛;1974;46
아주;1974;46
사은;1974;46
민나;1974;46
지흔;1974;46
이채;1974;46
민애;1974;46
하승;1974;46
람;1974;46
가애;1974;46
크리스티나;1974;46
채환;1974;46
난영;1974;46
서해;1974;46
라운;1974;46
진율;1974;46
명숙;1974;46
다령;1974;46
유니스;1974;46
휘은;1974;46
아주;1974;46
성언;2002;45
예우;2002;45
화령;2002;45
한유;2002;45
민기;2002;45
교림;2002;45
순자;2002;45
이래;2002;45
여을;2002;45
리디아;2011;44
담원;2011;44
경리;2011;44
겸;2011;44
여솔;2011;44
풀잎;2011;44
정운;2011;44
샤인;2011;44
류은;2011;44
설영;2011;44
가란;2011;44
성애;2011;44
영신;2011;44
요안나;2011;44
현재;2011;44
우나;2011;44
솔인;2027;43
정진;2027;43
근하;2027;43
에덴;2027;43
드보라;2027;43
로울;2027;43
찬이;2027;43
하나린;2027;43
로율;2027;43
서별;2027;43
경혜;2027;43
영나;2027;43
영리;2027;43
규서;2027;43
령아;2027;43
초율;2027;43
축복;2043;42
빛나라;2043;42
예임;2043;42
기윤;2043;42
현설;2043;42
영린;2043;42
노윤;2043;42
동이;2043;42
율서;2043;42
승인;2043;42
라겸;2043;42
윤원;2043;42
우민;2043;42
평강;2043;42
온서;2043;42
성진;2043;42
라별;2043;42
예교;2043;42
마미;2043;42
다음;2043;42
규하;2043;42
서오;2043;42
순화;2043;42
은준;2043;42
신해;2043;42
해란;2043;42
금;2043;42
원이;2043;42
민겸;2043;42
명현;2072;41
수언;2072;41
제경;2072;41
나금;2072;41
태원;2072;41
경숙;2072;41
언지;2072;41
해듬;2072;41
새솔;2072;41
레이첼;2072;41
휘진;2072;41
모은;2072;41
비송;2072;41
우;2072;41
이사벨라;2072;41
아형;2072;41
두연;2072;41
경령;2072;41
향미;2072;41
라진;2072;41
희언;2072;41
한들;2072;41
유재;2094;40
채랑;2094;40
요나;2094;40
채음;2094;40
효신;2094;40
애령;2094;40
새빛;2094;40
아해;2094;40
이한;2094;40
유리나;2094;40
도겸;2094;40
두아;2094;40
가륜;2094;40
해늘;2094;40
미린;2094;40
유재;2094;40
히나;2094;40
현교;2094;40
채랑;2094;40
새빛;2094;40
요나;2094;40
비야;2094;40
효안;2094;40
효신;2094;40
다빛;2094;40
희송;2094;40
평화;2094;40
봄희;2094;40
영재;2094;40
이온;2094;40
소령;2094;40
제이미;2094;40
인나;2094;40
태주;2094;40
이룬;2128;39
민휘;2128;39
다홍;2128;39
클레어;2128;39
지화;2128;39
연비;2128;39
유리아;2128;39
예찬;2128;39
규이;2128;39
채란;2128;39
평안;2128;39
미엘;2128;39
현혜;2128;39
하련;2128;39
명경;2128;39
미미;2128;39
줄리아;2128;39
가헌;2128;39
로다;2128;39
해준;2128;39
하성;2128;39
화;2149;38
레이;2149;38
해지;2149;38
세유;2149;38
성영;2149;38
휘린;2149;38
상연;2149;38
휘윤;2149;38
온아;2149;38
리향;2149;38
교원;2149;38
예울;2149;38
부민;2149;38
승영;2149;38
아혜;2149;38
양자;2149;38
루은;2149;38
엘리사;2149;38
주인;2149;38
경지;2149;38
레베카;2149;38
류빈;2149;38
솜이;2149;38
지훈;2149;38
의린;2149;38
화빈;2149;38
아리엘;2149;38
아선;2149;38
여현;2149;38
사영;2149;38
초민;2149;38
현명;2180;37
효희;2180;37
이사벨;2180;37
효슬;2180;37
한경;2180;37
래경;2180;37
신후;2180;37
제니퍼;2180;37
아준;2180;37
명아;2180;37
려나;2180;37
차민;2180;37
태화;2180;37
이우;2180;37
모경;2180;37
윤의;2180;37
소중;2180;37
경애;2180;37
혜음;2180;37
크리스틴;2180;37
정유;2180;37
신후;2180;37
형서;2180;37
려나;2180;37
소중;2180;37
이사벨;2180;37
정유;2180;37
이우;2180;37
해현;2208;36
정숙;2208;36
라아;2208;36
차미;2208;36
호빈;2208;36
하비;2208;36
유호;2208;36
호원;2208;36
선명;2208;36
호림;2208;36
소엘;2208;36
순영;2208;36
정순;2208;36
해안;2208;36
규령;2208;36
류희;2208;36
아서;2208;36
온리;2208;36
기랑;2208;36
혜규;2208;36
리효;2208;36
모빈;2208;36
명미;2208;36
소월;2208;36
연승;2208;36
효솔;2208;36
이비;2208;36
류나;2208;36
라휘;2208;36
래영;2208;36
다이;2208;36
로원;2208;36
우향;2208;36
아송;2208;36
진의;2208;36
글로리아;2208;36
물결;2208;36
두희;2245;35
유솜;2245;35
주휘;2245;35
효송;2245;35
엘리야;2245;35
혜신;2245;35
자운;2245;35
에리카;2245;35
해송;2245;35
마나;2245;35
나오미;2245;35
새영;2245;35
다야;2245;35
찬별;2245;35
미오;2245;35
화현;2245;35
인설;2245;35
리헌;2245;35
인예;2245;35
헤일리;2245;35
경채;2245;35
예름;2245;35
문희;2245;35
슬지;2245;35
루;2245;35
채홍;2270;34
명;2270;34
난경;2270;34
희소;2270;34
선향;2270;34
휘인;2270;34
나무;2270;34
무경;2270;34
묘정;2270;34
이도;2270;34
두경;2270;34
재율;2270;34
은승;2270;34
나휘;2270;34
효준;2270;34
소온;2270;34
산하;2270;34
부영;2270;34
우화;2270;34
엘리아나;2270;34
햇님;2270;34
샘물;2270;34
화율;2270;34
비비안;2270;34
진설;2270;34
승해;2270;34
사윤;2270;34
송지;2270;34
향유;2270;34
화평;2270;34
지숙;2270;34
이도;2270;34
다선;2270;34
선향;2270;34
채홍;2270;34
은승;2270;34
송지;2270;34
부영;2270;34
재율;2270;34
아셀;2270;34
나무;2270;34
연담;2311;33
진비;2311;33
륜희;2311;33
원하;2311;33
산아;2311;33
연휘;2311;33
운정;2311;33
은솜;2311;33
비채;2311;33
석희;2311;33
서흔;2311;33
준혜;2311;33
채송;2311;33
선홍;2311;33
성채;2311;33
에바;2311;33
소해;2311;33
진민;2311;33
민강;2311;33
예형;2311;33
여율;2311;33
해솜;2311;33
슬민;2311;33
서애;2311;33
우선;2311;33
리제;2311;33
문선;2311;33
경언;2311;33
진실;2311;33
민세;2311;33
유준;2311;33
화민;2311;33
동윤;2311;33
음;2311;33
원민;2311;33
초인;2311;33
미설;2311;33
이로;2311;33
도화;2311;33
우자;2311;33
연의;2351;32
재언;2351;32
예일;2351;32
채승;2351;32
령경;2351;32
율채;2351;32
줄리;2351;32
해우;2351;32
형원;2351;32
주홍;2351;32
화림;2351;32
교현;2351;32
국희;2351;32
보서;2351;32
휘경;2351;32
래하;2351;32
한겸;2351;32
시완;2351;32
미담;2351;32
영연;2351;32
금미;2351;32
은체;2351;32
일리;2351;32
초림;2351;32
여희;2351;32
창희;2351;32
시애;2351;32
진미;2351;32
기정;2351;32
노율;2380;31
찬빈;2380;31
유랑;2380;31
루야;2380;31
강비;2380;31
승정;2380;31
아솜;2380;31
하예라;2380;31
근령;2380;31
혜숙;2380;31
태휘;2380;31
후;2380;31
주란;2380;31
순미;2380;31
윤휘;2380;31
선해;2380;31
조희;2380;31
예미;2380;31
신율;2380;31
제원;2380;31
오윤;2380;31
의윤;2380;31
루야;2380;31
혜숙;2380;31
노율;2380;31
오윤;2380;31
온누리;2380;31
혜이;2380;31
조희;2380;31
강비;2380;31
화선;2380;31
윤휘;2380;31
희람;2380;31
태휘;2380;31
찬빈;2380;31
순미;2380;31
루니;2416;30
완서;2416;30
상윤;2416;30
정담;2416;30
주효;2416;30
해승;2416;30
애지;2416;30
초미;2416;30
재정;2416;30
한을;2416;30
경난;2416;30
도해;2416;30
래연;2416;30
루엘;2416;30
서련;2416;30
클라라;2416;30
미건;2416;30
성율;2416;30
예론;2416;30
영유;2416;30
제민;2416;30
조에;2416;30
유단;2416;30
강민;2416;30
해을;2416;30
예련;2416;30
리미;2416;30
희예;2416;30
순옥;2416;30
예한;2416;30
온율;2416;30
미카;2416;30
재효;2416;30
진혜;2416;30
앨리;2450;29
로렌;2450;29
미조;2450;29
향리;2450;29
세움;2450;29
한선;2450;29
정림;2450;29
리야;2450;29
휘아;2450;29
의빈;2450;29
운주;2450;29
명순;2450;29
율휘;2450;29
진수;2450;29
채라;2450;29
채향;2450;29
호현;2450;29
려운;2450;29
홍지;2450;29
대희;2450;29
소선;2450;29
유이나;2450;29
보슬;2450;29
미순;2450;29
하빛;2450;29
서홍;2450;29
령나;2450;29
밀라;2450;29
기원;2450;29
영옥;2450;29
요하;2450;29
영실;2450;29
율린;2450;29
온하;2450;29
솔담;2484;28
현조;2484;28
주온;2484;28
바른;2484;28
소랑;2484;28
이제;2484;28
예언;2484;28
강현;2484;28
애화;2484;28
찬슬;2484;28
하준;2484;28
자림;2484;28
보린;2484;28
교진;2484;28
아량;2484;28
재의;2484;28
로엘;2484;28
교진;2484;28
안젤라;2484;28
로엘;2484;28
루연;2484;28
규람;2484;28
아량;2484;28
솔담;2484;28
보린;2484;28
용주;2484;28
하준;2484;28
강현;2484;28
민후;2484;28
바른;2484;28
재의;2484;28
소요;2484;28
성효;2484;28
성린;2484;28
시정;2484;28
수려;2484;28
애화;2484;28
승애;2484;28
안리;2484;28
소랑;2484;28
채흔;2484;28
재선;2484;28
운;2484;28
령;2484;28
채헌;2484;28
기림;2484;28
민현;2484;28
라;2484;28
명인;2484;28
이삭;2533;27
아일라;2533;27
상효;2533;27
모연;2533;27
옥순;2533;27
초우;2533;27
선옥;2533;27
규선;2533;27
은홍;2533;27
승린;2533;27
제현;2533;27
명혜;2533;27
승서;2533;27
강빈;2533;27
해련;2533;27
늘봄;2533;27
슬미;2533;27
승;2533;27
찬휘;2533;27
정해;2533;27
민준;2533;27
지울;2533;27
조엘;2533;27
나교;2533;27
초혜;2533;27
솔우;2533;27
운지;2533;27
서완;2533;27
희준;2533;27
경순;2533;27
앤;2533;27
보성;2533;27
언주;2533;27
려빈;2533;27
성이;2533;27
라린;2533;27
준하;2533;27
체원;2570;26
애경;2570;26
행자;2570;26
정향;2570;26
예호;2570;26
현은;2570;26
레미;2570;26
에블린;2570;26
화자;2570;26
교윤;2570;26
려안;2570;26
금서;2570;26
금채;2570;26
다아;2570;26
설지;2570;26
소임;2570;26
리해;2570;26
태후;2570;26
오은;2570;26
연준;2570;26
인유;2570;26
류이;2570;26
다니엘라;2570;26
찬아;2570;26
세명;2570;26
다우;2570;26
신이;2570;26
담연;2570;26
예량;2570;26
교령;2570;26
령현;2570;26
연준;2570;26
리담;2570;26
주명;2570;26
근서;2570;26
다니엘라;2570;26
금서;2570;26
담연;2570;26
령현;2570;26
진홍;2570;26
현은;2570;26
하루카;2570;26
아일린;2570;26
레미;2570;26
담우;2570;26
리해;2570;26
향순;2570;26
수운;2617;25
원교;2617;25
인성;2617;25
해울;2617;25
효임;2617;25
양희;2617;25
미숙;2617;25
율민;2617;25
원선;2617;25
조원;2617;25
세형;2617;25
라솔;2617;25
시인;2617;25
한미;2617;25
유래;2617;25
진형;2617;25
별빛;2617;25
지경;2617;25
효운;2617;25
진휘;2617;25
카린;2617;25
화나;2617;25
새늘;2617;25
리브가;2617;25
언서;2617;25
서향;2617;25
지용;2617;25
초비;2617;25
바론;2617;25
미랑;2617;25
인후;2617;25
세론;2617;25
채선;2617;25
정경;2617;25
고경;2617;25
새이;2617;25
차현;2617;25
여송;2617;25
용은;2655;24
나결;2655;24
비나;2655;24
준우;2655;24
가별;2655;24
정훈;2655;24
체은;2655;24
도우;2655;24
예다움;2655;24
설미;2655;24
앨리스;2655;24
아이샤;2655;24
래미;2655;24
수오;2655;24
상이;2655;24
결이;2655;24
랑희;2655;24
태선;2655;24
지설;2655;24
지소;2655;24
반디;2655;24
강유;2655;24
시을;2655;24
사희;2655;24
유소;2655;24
지을;2655;24
애영;2655;24
강연;2655;24
시울;2655;24
동현;2655;24
호민;2655;24
정옥;2655;24
신원;2655;24
호아;2655;24
애슐리;2655;24
단풍;2655;24
송언;2655;24
라움;2655;24
규량;2655;24
채람;2655;24
애란;2655;24
자원;2655;24
선은;2655;24
강윤;2655;24
해음;2655;24
정율;2655;24
정훈;2655;24
상이;2655;24
송언;2655;24
지설;2655;24
아이리스;2655;24
랑희;2655;24
사희;2655;24
케일라;2655;24
준우;2655;24
민령;2655;24
호민;2655;24
수오;2655;24
도우;2655;24
예다움;2655;24
선은;2655;24
채람;2655;24
윤초;2717;23
샘결;2717;23
예손;2717;23
효라;2717;23
송인;2717;23
아비가일;2717;23
현의;2717;23
령화;2717;23
애다;2717;23
본희;2717;23
수주;2717;23
성인;2717;23
륜경;2717;23
디아나;2717;23
남영;2717;23
명리;2717;23
진교;2717;23
성;2717;23
새힘;2717;23
다성;2717;23
탐희;2717;23
도운;2717;23
국화;2717;23
수담;2717;23
히엘;2717;23
해교;2717;23
신정;2717;23
봄비;2717;23
화랑;2717;23
나람;2717;23
이루리;2717;23
비단;2717;23
준미;2717;23
도림;2717;23
단야;2717;23
경이;2717;23
로즈;2717;23
유애;2717;23
나로;2717;23
현애;2717;23
솔은;2717;23
정린;2717;23
마이;2717;23
담빈;2717;23
리자;2717;23
셀리나;2717;23
달;2717;23
에나;2764;22
아요;2764;22
도란;2764;22
하설;2764;22
정영;2764;22
미례;2764;22
래온;2764;22
근비;2764;22
든;2764;22
은림;2764;22
공주;2764;22
달래;2764;22
정솔;2764;22
려아;2764;22
온우;2764;22
희인;2764;22
리내;2764;22
이을;2764;22
로움;2764;22
진연;2764;22
향아;2764;22
상현;2764;22
휘정;2764;22
주와;2764;22
휘민;2764;22
나을;2764;22
시혜;2764;22
효람;2764;22
무진;2764;22
신형;2764;22
유사;2764;22
조현;2764;22
주우;2764;22
건혜;2764;22
윤승;2764;22
류원;2764;22
단예;2764;22
려아;2764;22
의림;2764;22
윤현;2764;22
조현;2764;22
시혜;2764;22
상현;2764;22
향아;2764;22
윤승;2764;22
로움;2764;22
혜량;2764;22
효람;2764;22
미월;2764;22
희래;2764;22
설휘;2764;22
근비;2764;22
건혜;2764;22
아이;2764;22
수잔;2764;22
유사;2764;22
다람;2764;22
호란;2764;22
달래;2764;22
공주;2764;22
남효;2824;21
미도;2824;21
채효;2824;21
설혜;2824;21
옥희;2824;21
수우;2824;21
애니;2824;21
선의;2824;21
하양;2824;21
사애;2824;21
요아;2824;21
은나래;2824;21
승우;2824;21
아일;2824;21
효란;2824;21
현소;2824;21
한지;2824;21
은환;2824;21
미준;2824;21
우의;2824;21
여지;2824;21
가온누리;2824;21
차빈;2824;21
류진;2824;21
묘경;2824;21
우윤;2824;21
온별;2824;21
권아;2824;21
나비;2824;21
인채;2824;21
경임;2824;21
다소;2824;21
화련;2824;21
채봄;2824;21
진성;2824;21
리가;2824;21
교리;2824;21
효련;2824;21
잎새;2824;21
캐서린;2824;21
찬경;2824;21
카렌;2824;21
선린;2824;21
종희;2824;21
리채;2824;21
홍은;2824;21
잔디;2824;21
숙영;2824;21
미야;2824;21
아한;2824;21
스테파니;2824;21
리아나;2824;21
진향;2824;21
로제;2824;21
이자벨라;2824;21
신효;2879;20
보우;2879;20
현령;2879;20
라애;2879;20
지의;2879;20
율림;2879;20
하다;2879;20
은요;2879;20
이강;2879;20
예륜;2879;20
모린;2879;20
보솔;2879;20
애;2879;20
경영;2879;20
혜명;2879;20
아소;2879;20
성자;2879;20
린서;2879;20
체라;2879;20
세리나;2879;20
수라;2879;20
금영;2879;20
경영;2879;20
수란;2879;20
체라;2879;20
교민;2879;20
여해;2879;20
금영;2879;20
다설;2879;20
경나;2879;20
하예진;2879;20
문채;2879;20
무빈;2879;20
비경;2879;20
서한;2879;20
보우;2879;20
나호;2879;20
안지;2879;20
보솔;2879;20
빈아;2879;20
여명;2879;20
향숙;2879;20
세봄;2879;20
안젤리나;2879;20
수라;2879;20
차율;2879;20
미자;2879;20
호;2879;20
송율;2879;20
동유;2879;20
예리엘;2879;20
에리나;2879;20
은표;2879;20
지의;2879;20
인형;2879;20
레임;2879;20
린서;2879;20
라애;2879;20
오늘;2879;20
유내;2879;20
애;2879;20
나솔;2879;20
보란;2879;20
혜명;2879;20
춘향;2879;20
난;2879;20
하다;2879;20
이헌;2879;20
은요;2879;20
신효;2879;20
예륜;2879;20
율림;2879;20
온화;2879;20
소률;2879;20
승온;2953;19
예헌;2953;19
동휘;2953;19
원미;2953;19
세본;2953;19
제임;2953;19
부미;2953;19
금이;2953;19
원겸;2953;19
률;2953;19
휘소;2953;19
시민;2953;19
상민;2953;19
데보라;2953;19
밝음;2953;19
민들레;2953;19
임경;2953;19
순혜;2953;19
재휘;2953;19
모나;2953;19
수양;2953;19
락희;2953;19
수산나;2953;19
나안;2953;19
누리봄;2953;19
류민;2953;19
규정;2953;19
채주;2953;19
엔젤;2953;19
류리;2953;19
수한;2953;19
아음;2953;19
례나;2953;19
연슬;2953;19
아이나;2953;19
나오;2953;19
오연;2953;19
아멜리아;2953;19
정흔;2953;19
시나;2953;19
가름;2953;19
세휘;2953;19
혜운;2953;19
희운;2953;19
리에;2953;19
귀영;2953;19
은소리;2953;19
단혜;2953;19
률;2953;19
원겸;2953;19
세본;2953;19
원미;2953;19
예헌;2953;19
나나미;2953;19
명신;2953;19
주헌;2953;19
주랑;2953;19
경향;2953;19
나하;2953;19
보니;2953;19
아리나;2953;19
단혜;2953;19
은소리;2953;19
귀영;2953;19
세휘;2953;19
혜운;2953;19
가름;2953;19
시나;2953;19
정흔;2953;19
오연;2953;19
례나;2953;19
규정;2953;19
수산나;2953;19
모나;2953;19
임경;2953;19
성결;2953;19
아멜리아;2953;19
노연;3030;18
도의;3030;18
규온;3030;18
담휘;3030;18
바하;3030;18
유노;3030;18
서래;3030;18
주진;3030;18
인숙;3030;18
루경;3030;18
청비;3030;18
서교;3030;18
지휼;3030;18
설주;3030;18
순애;3030;18
바니;3030;18
규언;3030;18
안진;3030;18
금화;3030;18
다금;3030;18
지아나;3030;18
정예;3030;18
재화;3030;18
아롬;3030;18
조하;3030;18
건이;3030;18
룸;3030;18
미카엘라;3030;18
규혜;3030;18
소우;3030;18
화이;3030;18
벨라;3030;18
진별;3030;18
모니카;3030;18
선연;3030;18
윤애;3030;18
우람;3030;18
예훈;3030;18
원비;3030;18
류현;3030;18
담영;3030;18
란영;3030;18
온주;3030;18
윤호;3030;18
아리아나;3030;18
금령;3030;18
대연;3030;18
솔휘;3030;18
초롬;3030;18
정요;3030;18
현겸;3030;18
진윤;3030;18
별솔;3030;18
자유;3030;18
채성;3030;18
양현;3030;18
담서;3030;18
금란;3030;18
량현;3030;18
주림;3030;18
보련;3030;18
민비;3030;18
소인;3030;18
성실;3030;18
다흔;3030;18
영랑;3030;18
채솔;3030;18
승재;3030;18
솜귤;3030;18
청은;3030;18
엘렌;3030;18
지아나;3030;18
담서;3030;18
채가;3103;17
라함;3103;17
신주;3103;17
하늘빛;3103;17
령하;3103;17
태온;3103;17
희슬;3103;17
일화;3103;17
자온;3103;17
내영;3103;17
재리;3103;17
재임;3103;17
도;3103;17
화니;3103;17
겸서;3103;17
동미;3103;17
현원;3103;17
리수;3103;17
량희;3103;17
인솔;3103;17
노라;3103;17
예술;3103;17
화온;3103;17
애자;3103;17
류안;3103;17
도민;3103;17
조안나;3103;17
영임;3103;17
라일라;3103;17
다한;3103;17
다녕;3103;17
진송;3103;17
루현;3103;17
의지;3103;17
태련;3103;17
귀연;3103;17
형지;3103;17
레인;3103;17
하률;3103;17
단오;3103;17
류연;3103;17
애선;3103;17
두영;3103;17
미양;3103;17
휘림;3103;17
화순;3103;17
휘령;3103;17
애순;3103;17
인수;3103;17
이자벨;3103;17
정명;3103;17
태솔;3103;17
상원;3103;17
우서;3103;17
애정;3103;17
은한;3103;17
승요;3103;17
채;3103;17
우담;3103;17
두이;3103;17
라을;3103;17
지환;3103;17
로안;3103;17
루진;3103;17
소여;3103;17
하애;3103;17
여음;3103;17
아미나;3103;17
려희;3103;17
아신;3103;17
하로;3103;17
다림;3103;17
이다;3103;17
청화;3103;17
선요;3103;17
조히;3103;17
강미;3103;17
원재;3103;17
호인;3103;17
다루;3103;17
현담;3103;17
다련;3103;17
영언;3103;17
서륜;3103;17
심결;3103;17
주흔;3103;17
겨운;3103;17
라해;3103;17
완;3103;17
한민;3103;17
얀;3103;17
세벽;3103;17
지회;3103;17
미옥;3103;17
주담;3103;17
현윤;3198;16
리노;3198;16
근화;3198;16
으뜸;3198;16
나눔;3198;16
진앙;3198;16
명실;3198;16
신현;3198;16
라언;3198;16
명연;3198;16
레일라;3198;16
리민;3198;16
현윤;3198;16
시양;3198;16
형경;3198;16
이로운;3198;16
건령;3198;16
예홍;3198;16
셀라;3198;16
자이;3198;16
가휘;3198;16
리노;3198;16
계령;3198;16
기선;3198;16
서겸;3198;16
수휘;3198;16
영이;3198;16
주노;3198;16
래언;3198;16
인미;3198;16
주람;3198;16
혜겸;3198;16
광자;3198;16
설예;3198;16
근화;3198;16
세향;3198;16
교희;3198;16
다결;3198;16
성온;3198;16
명윤;3198;16
비치;3198;16
여란;3198;16
민빈;3198;16
샬롬;3198;16
솔림;3198;16
담주;3198;16
복음;3198;16
예중;3198;16
루온;3198;16
본이;3198;16
종연;3198;16
라일;3198;16
윤세;3198;16
서봄;3198;16
주음;3198;16
준민;3198;16
오드리;3198;16
찬란;3198;16
로현;3198;16
가미;3198;16
연옥;3198;16
찬민;3198;16
로휘;3198;16
단은;3198;16
설안;3198;16
화리;3198;16
태의;3198;16
아륜;3198;16
체영;3198;16
아야;3198;16
순정;3198;16
차이;3198;16
로유;3198;16
의인;3198;16
향희;3198;16
영수;3198;16
반야;3198;16
휘수;3198;16
명애;3198;16
권희;3198;16
에녹;3198;16
유키;3198;16
세레나;3198;16
모하;3198;16
재온;3198;16
엘리아;3198;16
은석;3198;16
미온;3285;15
비취;3285;15
솔현;3285;15
카야;3285;15
리카;3285;15
세계;3285;15
에리;3285;15
빈희;3285;15
양채;3285;15
보운;3285;15
본하;3285;15
진숙;3285;15
율원;3285;15
애라;3285;15
연혜;3285;15
희숙;3285;15
아이라;3285;15
내경;3285;15
한올;3285;15
록담;3285;15
여안;3285;15
자령;3285;15
완희;3285;15
요안;3285;15
환이;3285;15
유자;3285;15
빈희;3285;15
리카;3285;15
기화;3285;15
이루다;3285;15
경륜;3285;15
세계;3285;15
온정;3285;15
사론;3285;15
윤신;3285;15
비취;3285;15
애라;3285;15
희강;3285;15
소피;3285;15
젬마;3285;15
애향;3285;15
복미;3285;15
로진;3285;15
순주;3285;15
양지;3285;15
현제;3285;15
리음;3285;15
의솔;3285;15
시에나;3285;15
율원;3285;15
란경;3285;15
연규;3285;15
본하;3285;15
보비;3285;15
회리;3285;15
연혜;3285;15
희락;3285;15
단빈;3285;15
미겸;3285;15
효유;3285;15
규라;3285;15
희련;3285;15
종아;3285;15
양순;3285;15
지세;3285;15
예도;3285;15
채임;3285;15
아립;3285;15
준원;3285;15
보운;3285;15
희숙;3285;15
연음;3285;15
도향;3285;15
고유;3285;15
빛솔;3285;15
제유;3285;15
미빈;3285;15
한솜;3285;15
자희;3285;15
도형;3285;15
에리;3285;15
홍비;3285;15
기혜;3285;15
은사;3285;15
상빈;3285;15
솔현;3285;15
우신;3285;15
나울;3285;15
환서;3285;15
엘리샤;3285;15
케일리;3285;15
서강;3285;15
인교;3285;15
린희;3285;15
수율;3285;15
미온;3285;15
금숙;3285;15
령희;3285;15
자람;3383;14
여연;3383;14
에스라;3383;14
인이;3383;14
찬;3383;14
온빛;3383;14
유우카;3383;14
연욱;3383;14
세의;3383;14
여라;3383;14
리듬;3383;14
부용;3383;14
예환;3383;14
희순;3383;14
이네스;3383;14
무영;3383;14
순지;3383;14
겸비;3383;14
샬롯;3383;14
애슬;3383;14
로히;3383;14
에스라;3383;14
미셀;3383;14
무영;3383;14
알리시아;3383;14
비솔;3383;14
선겸;3383;14
서민;3383;14
부용;3383;14
지휴;3383;14
오로라;3383;14
미류;3383;14
애련;3383;14
리듬;3383;14
진호;3383;14
운율;3383;14
규화;3383;14
행리;3383;14
청연;3383;14
윤예;3383;14
부진;3383;14
섬결;3383;14
다후;3383;14
손하;3383;14
영후;3383;14
성옥;3383;14
진자;3383;14
알리사;3383;14
마리나;3383;14
숙희;3383;14
예환;3383;14
유유;3383;14
산이;3383;14
보형;3383;14
언비;3383;14
슬해;3383;14
세흔;3383;14
휘온;3383;14
모모;3383;14
광미;3383;14
온빛;3383;14
수야;3383;14
마오;3383;14
금순;3383;14
담솔;3383;14
온음;3383;14
화수;3383;14
솔채;3383;14
결의;3383;14
미금;3383;14
백합;3383;14
티파니;3383;14
율립;3383;14
조이스;3383;14
송림;3383;14
마유;3383;14
춘화;3383;14
의민;3383;14
찬;3383;14
성향;3383;14
제시;3383;14
윤리;3383;14
남현;3383;14
지자;3383;14
세실리아;3383;14
새희;3383;14
금송;3383;14
홍미;3383;14
요한나;3383;14
간나;3383;14
설란;3383;14
예님;3383;14
라온제나;3383;14
라안;3383;14
주린;3383;14
연숙;3383;14
이네스;3383;14
태아;3383;14
세의;3383;14
슬온;3383;14
연실;3383;14
묘진;3383;14
해일리;3383;14
채량;3383;14
자람;3383;14
태지;3383;14
영조;3383;14
가양;3383;14
회영;3383;14
정완;3383;14
엔젤라;3383;14
내원;3383;14
설의;3383;14
니아;3383;14
하륜;3383;14
운희;3383;14
희순;3383;14
유우카;3383;14
규화;3383;14
나후;3383;14
성리;3383;14
예환;3383;14
연숙;3383;14
홍연;3383;14
진호;3383;14
묘진;3383;14
유우카;3383;14
라정;3383;14
무영;3383;14
선겸;3383;14
백합;3383;14
규윤;3514;13
현린;3514;13
나르샤;3514;13
회연;3514;13
온샘;3514;13
순아;3514;13
이송;3514;13
채론;3514;13
이롬;3514;13
도나;3514;13
교담;3514;13
소봄;3514;13
향실;3514;13
비비아나;3514;13
금선;3514;13
소란;3514;13
설은;3514;13
이겸;3514;13
직자;3514;13
인진;3514;13
모정;3514;13
성우;3514;13
수환;3514;13
호주;3514;13
복순;3514;13
야엘;3514;13
겨레;3514;13
봄해;3514;13
민초;3514;13
혜화;3514;13
서용;3514;13
메리;3514;13
희리;3514;13
광희;3514;13
후연;3514;13
보해;3514;13
이세;3514;13
혜상;3514;13
은파;3514;13
계영;3514;13
가일;3514;13
미보;3514;13
수령;3514;13
쥴리;3514;13
신서;3514;13
루카;3514;13
슬인;3514;13
향지;3514;13
미하;3514;13
안희;3514;13
기나;3514;13
슬아라;3514;13
련아;3514;13
화주;3514;13
산호;3514;13
체윤;3514;13
근해;3514;13
기유;3514;13
로시;3514;13
연조;3514;13
서요;3514;13
현인;3514;13
햇빛;3514;13
겸지;3514;13
관영;3514;13
본비;3514;13
신향;3514;13
엄지;3514;13
스칼렛;3514;13
알리나;3514;13
연은;3514;13
난주;3514;13
채호;3514;13
규;3514;13
연율;3514;13
나이;3514;13
애빈;3514;13
달님;3514;13
예록;3514;13
별님;3514;13
노현;3514;13
미해;3514;13
혜석;3514;13
남은;3514;13
려하;3514;13
담유;3514;13
륜;3514;13
향지;3514;13
려하;3514;13
광희;3514;13
기나;3514;13
로민;3514;13
슬인;3514;13
본비;3514;13
신서;3514;13
난주;3514;13
은파;3514;13
엘리사벳;3514;13
금선;3514;13
록희;3514;13
연율;3514;13
채호;3514;13
소봄;3514;13
성우;3514;13
나랑;3514;13
금옥;3514;13
산호;3514;13
이겸;3514;13
겨레;3514;13
금진;3514;13
가일;3514;13
계영;3514;13
스칼렛;3514;13
비비아나;3514;13
혜화;3514;13
예조;3514;13
강린;3514;13
다률;3514;13
서요;3514;13
이얀;3514;13
시월;3514;13
륜;3514;13
향실;3514;13
슬아라;3514;13
수환;3514;13
후연;3514;13
애빈;3514;13
햇빛;3514;13
경옥;3514;13
현인;3514;13
련아;3514;13
슬현;3514;13
실로;3646;12
봄결;3646;12
부연;3646;12
진은;3646;12
아카리;3646;12
새록;3646;12
영해;3646;12
인빈;3646;12
권영;3646;12
석류;3646;12
상경;3646;12
휘빈;3646;12
연효;3646;12
오빈;3646;12
모네;3646;12
선비;3646;12
세홍;3646;12
가향;3646;12
아의;3646;12
예심;3646;12
설후;3646;12
건주;3646;12
운교;3646;12
류화;3646;12
수효;3646;12
우령;3646;12
케이티;3646;12
호담;3646;12
선인;3646;12
승후;3646;12
근애;3646;12
아이카;3646;12
설진;3646;12
초의;3646;12
오율;3646;12
람희;3646;12
다담;3646;12
발렌티나;3646;12
환;3646;12
나디아;3646;12
연영;3646;12
쁨;3646;12
미앙;3646;12
정성;3646;12
향은;3646;12
수온;3646;12
미키;3646;12
하흔;3646;12
서헌;3646;12
은녕;3646;12
예;3646;12
온세;3646;12
예완;3646;12
새결;3646;12
알렉산드라;3646;12
홍경;3646;12
효온;3646;12
석류;3646;12
달빛;3646;12
승후;3646;12
형선;3646;12
슬원;3646;12
미앙;3646;12
환;3646;12
이향;3646;12
도임;3646;12
선인;3646;12
수효;3646;12
운영;3646;12
남윤;3646;12
예완;3646;12
파랑;3646;12
은산;3646;12
여하;3646;12
용원;3646;12
미윤;3646;12
타미;3646;12
하흔;3646;12
근정;3646;12
은녕;3646;12
위나;3646;12
천;3646;12
지사;3646;12
아의;3646;12
정성;3646;12
우령;3646;12
첼시;3646;12
예모;3646;12
성휘;3646;12
태향;3646;12
상경;3646;12
건주;3646;12
유완;3646;12
윤실;3646;12
연효;3646;12
가향;3646;12
건하;3646;12
설진;3646;12
래교;3646;12
려화;3646;12
나디아;3646;12
본영;3646;12
연영;3646;12
백송;3646;12
아카리;3646;12
보이;3646;12
담미;3646;12
온세;3646;12
송휘;3646;12
쁨;3646;12
지강;3646;12
설후;3646;12
성소;3646;12
진은;3646;12
동인;3646;12
세홍;3646;12
아이카;3646;12
새결;3646;12
진슬;3646;12
부연;3646;12
권영;3646;12
일아;3646;12
근애;3646;12
제빈;3646;12
예;3646;12
다담;3646;12
승신;3646;12
지여;3646;12
람희;3646;12
명성;3646;12
예심;3646;12
아야나;3777;11
레지나;3777;11
쥬리;3777;11
서률;3777;11
사리;3777;11
제라;3777;11
종미;3777;11
용희;3777;11
미슬;3777;11
바인;3777;11
라우;3777;11
리소;3777;11
푸른솔;3777;11
유카;3777;11
다예나;3777;11
상유;3777;11
래임;3777;11
혜솜;3777;11
원솔;3777;11
유록;3777;11
미귀;3777;11
름화;3777;11
상자;3777;11
쥬디;3777;11
하휼;3777;11
자명;3777;11
쥬리;3777;11
향직;3777;11
한윤;3777;11
사리;3777;11
탄희;3777;11
레이카;3777;11
우수;3777;11
카나;3777;11
율지;3777;11
르네;3777;11
솔별;3777;11
미사키;3777;11
민트;3777;11
로;3777;11
조애;3777;11
향선;3777;11
희량;3777;11
바네사;3777;11
윤오;3777;11
상유;3777;11
상진;3777;11
하신;3777;11
한그루;3777;11
미량;3777;11
온새;3777;11
차경;3777;11
온설;3777;11
체민;3777;11
초언;3777;11
두은;3777;11
예건;3777;11
천미;3777;11
송린;3777;11
원솔;3777;11
향주;3777;11
근주;3777;11
혜순;3777;11
윤유;3777;11
귀혜;3777;11
솔기;3777;11
담온;3777;11
미노리;3777;11
강별;3777;11
명민;3777;11
륜영;3777;11
민은;3777;11
인향;3777;11
시노;3777;11
진후;3777;11
안교;3777;11
빈우;3777;11
솔윤;3777;11
혜솜;3777;11
성음;3777;11
용희;3777;11
륜지;3777;11
권하;3777;11
시명;3777;11
빛누리;3777;11
춘희;3777;11
여윤;3777;11
창미;3777;11
성숙;3777;11
경수;3777;11
하루나;3777;11
재안;3777;11
레지나;3777;11
라봄;3777;11
자하;3777;11
사율;3777;11
다이아나;3777;11
련;3777;11
건효;3777;11
름화;3777;11
진옥;3777;11
인별;3777;11
연나;3777;11
쥬디;3777;11
그레;3777;11
수별;3777;11
다검;3777;11
다지;3777;11
리앤;3777;11
유니아;3777;11
계자;3777;11
아야나;3777;11
주옥;3777;11
사미;3777;11
혜완;3777;11
윤숙;3777;11
해름;3777;11
늘예솔;3777;11
미리별;3777;11
은리;3777;11
예재;3777;11
례은;3777;11
은명;3777;11
훈;3777;11
자하;3777;11
미리별;3777;11
온설;3777;11
솔별;3777;11
헬렌;3777;11
한그루;3777;11
해름;3777;11
라봄;3777;11
춘희;3777;11
르네;3777;11
그레;3777;11
자명;3777;11
서률;3777;11
레지나;3777;11
륜지;3777;11
다검;3777;11
강별;3777;11
쥬리;3777;11
바네사;3777;11
륜영;3777;11
온지;3777;11
혜순;3777;11
설경;3777;11
초운;3777;11
사미;3777;11
효겸;3777;11
카일라;3927;10
희교;3927;10
해윰;3927;10
의경;3927;10
아밀리아;3927;10
진겸;3927;10
채강;3927;10
오현;3927;10
문지;3927;10
수선;3927;10
치원;3927;10
홍윤;3927;10
새담;3927;10
건화;3927;10
미예;3927;10
홍희;3927;10
태형;3927;10
문별;3927;10
윤홍;3927;10
행혜;3927;10
반지;3927;10
쟈스민;3927;10
성나;3927;10
초예;3927;10
기희;3927;10
건;3927;10
세실;3927;10
선음;3927;10
청윤;3927;10
미구;3927;10
아이미;3927;10
현음;3927;10
샘이;3927;10
한의;3927;10
태흔;3927;10
설온;3927;10
고현;3927;10
복희;3927;10
려정;3927;10
서울;3927;10
주용;3927;10
혜금;3927;10
희향;3927;10
지교;3927;10
서을;3927;10
민향;3927;10
순향;3927;10
써니;3927;10
크리스탈;3927;10
세름;3927;10
가자;3927;10
루디;3927;10
호유;3927;10
다란;3927;10
어람;3927;10
미니;3927;10
명향;3927;10
민윤;3927;10
요한;3927;10
명옥;3927;10
내윤;3927;10
요진;3927;10
우가;3927;10
인순;3927;10
재우;3927;10
나앙;3927;10
재후;3927;10
리다;3927;10
홍린;3927;10
나륜;3927;10
서량;3927;10
용자;3927;10
시희;3927;10
범주;3927;10
민찬;3927;10
새날;3927;10
순향;3927;10
신화;3927;10
희채;3927;10
엘리슨;3927;10
양화;3927;10
희설;3927;10
쟈스민;3927;10
성신;3927;10
문지;3927;10
건화;3927;10
미니;3927;10
인순;3927;10
청향;3927;10
내윤;3927;10
초예;3927;10
문별;3927;10
순이;3927;10
혜찬;3927;10
홍희;3927;10
대은;3927;10
에일린;3927;10
요진;3927;10
진언;3927;10
희교;3927;10
강아;3927;10
반지;3927;10
행나;3927;10
선오;3927;10
명향;3927;10
아이미;3927;10
리요;3927;10
소빛;3927;10
묘주;3927;10
크리스탈;3927;10
백화;3927;10
영의;3927;10
루지;3927;10
신재;3927;10
홍린;3927;10
단별;3927;10
향림;3927;10
수피아;3927;10
진겸;3927;10
서을;3927;10
우원;3927;10
종윤;3927;10
민향;3927;10
한의;3927;10
써니;3927;10
례원;3927;10
고현;3927;10
나륜;3927;10
숙경;3927;10
아밀리아;3927;10
이호;3927;10
다란;3927;10
나앙;3927;10
소교;3927;10
아미라;3927;10
청윤;3927;10
신라;3927;10
안비;3927;10
희옥;3927;10
소야;3927;10
호유;3927;10
분홍;3927;10
교선;3927;10
근예;3927;10
화유;3927;10
승옥;3927;10
차오름;3927;10
카일라;3927;10
우가;3927;10
희오;3927;10
유한;3927;10
칠해;3927;10
민옥;3927;10
요한;3927;10
석연;3927;10
나련;3927;10
린다;3927;10
주솔;3927;10
지야;3927;10
요린;3927;10
건;3927;10
서량;3927;10
규솔;3927;10
샘이;3927;10
지교;3927;10
새담;3927;10
치윤;3927;10
민윤;3927;10
호령;3927;10
봄아;3927;10
의담;3927;10
조영;3927;10
유량;3927;10
예명;3927;10
호유;3927;10
건화;3927;10
민향;3927;10
우원;3927;10
새담;3927;10
청윤;3927;10
소래;3927;10
단별;3927;10
송우;3927;10
지야;3927;10
크리스탈;3927;10
운비;4112;9
기린;4112;9
선운;4112;9
기서;4112;9
석윤;4112;9
천혜;4112;9
건휘;4112;9
예채;4112;9
련화;4112;9
새율;4112;9
진안;4112;9
류림;4112;9
하결;4112;9
케이트;4112;9
이루미;4112;9
가한;4112;9
하섬;4112;9
고영;4112;9
새현;4112;9
민규;4112;9
경량;4112;9
금정;4112;9
진빈;4112;9
도흔;4112;9
다회;4112;9
원혜;4112;9
남순;4112;9
이신;4112;9
말리;4112;9
금결;4112;9
현림;4112;9
동빈;4112;9
히요리;4112;9
정휘;4112;9
효설;4112;9
령인;4112;9
고언;4112;9
리운;4112;9
은도;4112;9
천리;4112;9
주련;4112;9
여미;4112;9
애마;4112;9
위진;4112;9
교나;4112;9
나아;4112;9
아담;4112;9
금나;4112;9
이로하;4112;9
난이;4112;9
도위;4112;9
찬하;4112;9
아언;4112;9
영음;4112;9
이새;4112;9
희명;4112;9
시환;4112;9
숙현;4112;9
고율;4112;9
리교;4112;9
영운;4112;9
윤은;4112;9
율은;4112;9
사현;4112;9
유리엘;4112;9
행;4112;9
야나;4112;9
제서;4112;9
차온;4112;9
유미자;4112;9
휘현;4112;9
제림;4112;9
카일리;4112;9
천화;4112;9
유운;4112;9
인효;4112;9
마리솔;4112;9
엘리자벳;4112;9
건민;4112;9
준빈;4112;9
말자;4112;9
디나;4112;9
새움;4112;9
결애;4112;9
체림;4112;9
인율;4112;9
다이애나;4112;9
을빛;4112;9
청자;4112;9
지리;4112;9
위진;4112;9
차온;4112;9
백하;4112;9
련화;4112;9
채오;4112;9
성순;4112;9
의채;4112;9
이새;4112;9
이결;4112;9
상명;4112;9
인효;4112;9
아자;4112;9
성정;4112;9
재솔;4112;9
윤령;4112;9
아야카;4112;9
야나;4112;9
주련;4112;9
태자;4112;9
아담;4112;9
아지;4112;9
예채;4112;9
주운;4112;9
윤옥;4112;9
한아름;4112;9
심미;4112;9
해닮;4112;9
인율;4112;9
청자;4112;9
려미;4112;9
천리;4112;9
배정;4112;9
운비;4112;9
예규;4112;9
난이;4112;9
동영;4112;9
회령;4112;9
새현;4112;9
민의;4112;9
준빈;4112;9
신윤;4112;9
채후;4112;9
선운;4112;9
천하;4112;9
실리;4112;9
고운별;4112;9
금경;4112;9
승림;4112;9
카일리;4112;9
마레;4112;9
히요리;4112;9
아단;4112;9
초을;4112;9
상;4112;9
건휘;4112;9
말자;4112;9
보언;4112;9
원혜;4112;9
행수;4112;9
테라;4112;9
다서;4112;9
사현;4112;9
이란;4112;9
도흔;4112;9
조운;4112;9
현신;4112;9
경량;4112;9
의나;4112;9
이루미;4112;9
다이애나;4112;9
태진;4112;9
하섬;4112;9
동빈;4112;9
제니스;4112;9
티아;4112;9
석윤;4112;9
스라;4112;9
금성;4112;9
영운;4112;9
정휘;4112;9
희명;4112;9
금나;4112;9
류림;4112;9
희음;4112;9
숙현;4112;9
희단;4112;9
리강;4112;9
현별;4112;9
남순;4112;9
아별;4112;9
건유;4112;9
회주;4112;9
수옥;4112;9
송의;4112;9
록은;4112;9
휘담;4112;9
시환;4112;9
리브;4112;9
세양;4112;9
에스텔;4112;9
재신;4112;9
재순;4112;9
카일리;4112;9
민규;4112;9
수옥;4112;9
말리;4112;9
치연;4112;9
가련;4112;9
동영;4112;9
려윤;4112;9
미후;4112;9
배정;4112;9
테라;4112;9
은도;4112;9
운비;4112;9
히요리;4112;9
효수;4112;9
정휘;4112;9
오영;4112;9
준솔;4112;9
기린;4112;9
리니;4112;9
인율;4112;9
천하;4112;9
아별;4112;9
마레;4112;9
도흔;4112;9
회진;4112;9
준수;4112;9
수엘;4112;9
다주;4112;9
예가;4112;9
이루미;4112;9
회주;4112;9
주련;4112;9
이란;4112;9
련화;4112;9
현예;4112;9
비선;4340;8
티나;4340;8
인송;4340;8
휴리;4340;8
꿈;4340;8
홍빈;4340;8
인령;4340;8
해야;4340;8
재미;4340;8
방자;4340;8
애솔;4340;8
유귀;4340;8
미리암;4340;8
지률;4340;8
규의;4340;8
려영;4340;8
은다;4340;8
자랑;4340;8
로영;4340;8
대경;4340;8
영체;4340;8
우은;4340;8
가하;4340;8
수해;4340;8
련경;4340;8
홍선;4340;8
아록;4340;8
화란;4340;8
민호;4340;8
운채;4340;8
나별;4340;8
리행;4340;8
유금;4340;8
아기;4340;8
기련;4340;8
안드레아;4340;8
조민;4340;8
령원;4340;8
화성;4340;8
지상;4340;8
여루;4340;8
애쉴리;4340;8
성해;4340;8
문향;4340;8
기경;4340;8
해량;4340;8
밀라나;4340;8
조세핀;4340;8
한담;4340;8
여화;4340;8
사직;4340;8
여래;4340;8
예수아;4340;8
가람휘;4340;8
서훤;4340;8
재슬;4340;8
태안;4340;8
랑이;4340;8
모윤;4340;8
카밀라;4340;8
근원;4340;8
백희;4340;8
체연;4340;8
진예;4340;8
임;4340;8
인송;4340;8
에스터;4340;8
랑주;4340;8
안드레아;4340;8
자랑;4340;8
은다;4340;8
인회;4340;8
예비;4340;8
유금;4340;8
지휘;4340;8
호미;4340;8
일라;4340;8
휘람;4340;8
채비;4340;8
기련;4340;8
여루;4340;8
방자;4340;8
인령;4340;8
홍빈;4340;8
유을;4340;8
민호;4340;8
문향;4340;8
성안;4340;8
률리;4340;8
밀라나;4340;8
은안;4340;8
령원;4340;8
단효;4340;8
근미;4340;8
효음;4340;8
아록;4340;8
여화;4340;8
순례;4340;8
명금;4340;8
련경;4340;8
나한;4340;8
사직;4340;8
라리;4340;8
소훈;4340;8
유윤;4340;8
명재;4340;8
다헌;4340;8
현욱;4340;8
사키;4340;8
현기;4340;8
은임;4340;8
세운;4340;8
세록;4340;8
근원;4340;8
홍선;4340;8
려영;4340;8
송효;4340;8
태안;4340;8
리린;4340;8
령미;4340;8
소량;4340;8
보듬;4340;8
손비;4340;8
로미나;4340;8
찬은;4340;8
미샤;4340;8
지훤;4340;8
파티마;4340;8
앨리샤;4340;8
리코;4340;8
영영;4340;8
해님;4340;8
고우;4340;8
치히로;4340;8
솔진;4340;8
열자;4340;8
아기;4340;8
성해;4340;8
양선;4340;8
태효;4340;8
묘선;4340;8
희화;4340;8
재슬;4340;8
우성;4340;8
해옥;4340;8
모윤;4340;8
칸나;4340;8
비선;4340;8
카밀라;4340;8
유실;4340;8
률이;4340;8
운채;4340;8
명유;4340;8
채월;4340;8
아얀;4340;8
율현;4340;8
가하;4340;8
기경;4340;8
신디;4340;8
송영;4340;8
가브리엘라;4340;8
해오름;4340;8
우은;4340;8
에이다;4340;8
백희;4340;8
하일;4340;8
이오;4340;8
재미;4340;8
현기;4340;8
선임;4340;8
안미;4340;8
미리암;4340;8
운경;4340;8
매리;4340;8
아름별;4340;8
령자;4340;8
신은;4340;8
로경;4340;8
홍진;4340;8
여화;4340;8
릴리안;4340;8
이내;4340;8
아수;4340;8
명재;4340;8
리본;4340;8
송정;4340;8
소슬;4340;8
사키;4340;8
유실;4340;8
홍선;4340;8
울;4340;8
지휘;4340;8
미샤;4340;8
예수아;4340;8
여루;4340;8
은임;4340;8
우성;4340;8
문향;4340;8
애쉴리;4340;8
내현;4340;8
밀라나;4340;8
유우나;4340;8
해화;4340;8
한담;4340;8
금솔;4340;8
스완;4340;8
조세핀;4340;8
비선;4340;8
나별;4340;8
나견;4340;8
체연;4340;8
명금;4340;8
교아;4340;8
송경;4340;8
자랑;4340;8
예빛나;4340;8
희화;4340;8
지령;4340;8
세한;4340;8
다오;4340;8
율현;4340;8
가브리엘라;4340;8
인호;4340;8
유율;4340;8
주양;4340;8
명이;4340;8
령미;4340;8
진양;4340;8
란우;4340;8
라리;4340;8
태안;4340;8
재슬;4340;8
결화;4340;8
해야;4340;8
손비;4340;8
채교;4340;8
태강;4340;8
다헌;4340;8
소량;4340;8
세록;4340;8
히나타;4340;8
태효;4340;8
류미;4340;8
소훈;4340;8
찬은;4340;8
기향;4340;8
리행;4340;8
나한;4340;8
고우;4340;8
서훤;4340;8
봄나;4340;8
리코;4340;8
사직;4340;8
혜임;4340;8
솜결;4340;8
아기;4340;8
유순;4596;7
민숙;4596;7
여영;4596;7
라우라;4596;7
희양;4596;7
근유;4596;7
도도;4596;7
혜향;4596;7
화실;4596;7
들레;4596;7
안주;4596;7
동비;4596;7
무;4596;7
유찬;4596;7
사쿠라;4596;7
안수;4596;7
주령;4596;7
은류;4596;7
송채;4596;7
다다;4596;7
혜기;4596;7
나의;4596;7
승의;4596;7
가안;4596;7
예래;4596;7
환주;4596;7
후아;4596;7
아리영;4596;7
솔해;4596;7
우월;4596;7
별림;4596;7
화숙;4596;7
히카리;4596;7
상정;4596;7
까밀라;4596;7
서니;4596;7
노조미;4596;7
미형;4596;7
오주;4596;7
연원;4596;7
귀숙;4596;7
레오나;4596;7
윤상;4596;7
리마;4596;7
의송;4596;7
효심;4596;7
기하;4596;7
진리자;4596;7
하수;4596;7
비비;4596;7
화담;4596;7
아멜리;4596;7
아나벨;4596;7
테이;4596;7
임현;4596;7
천사;4596;7
엠버;4596;7
소니아;4596;7
레오니;4596;7
단의;4596;7
유순;4596;7
의율;4596;7
명조;4596;7
벧엘;4596;7
애비게일;4596;7
명란;4596;7
나단;4596;7
햇별;4596;7
아로미;4596;7
초애;4596;7
대영;4596;7
미효;4596;7
혜유;4596;7
비연;4596;7
테레사;4596;7
리란;4596;7
여영;4596;7
서여;4596;7
다와;4596;7
호련;4596;7
다향;4596;7
아섬;4596;7
세을;4596;7
완이;4596;7
종순;4596;7
오경;4596;7
예늘;4596;7
재승;4596;7
슬영;4596;7
용미;4596;7
송운;4596;7
기효;4596;7
은평;4596;7
자한;4596;7
설매;4596;7
사에;4596;7
화용;4596;7
봄솔;4596;7
고담;4596;7
라우라;4596;7
계림;4596;7
노엘라;4596;7
혜륜;4596;7
화희;4596;7
유메;4596;7
두림;4596;7
화숙;4596;7
혜옥;4596;7
명정;4596;7
진리자;4596;7
옥화;4596;7
하수;4596;7
앤지;4596;7
다다;4596;7
천사;4596;7
별리;4596;7
레이아;4596;7
여영;4596;7
예늘;4596;7
서람;4596;7
서니;4596;7
경의;4596;7
계림;4596;7
화용;4596;7
이례;4596;7
사언;4596;7
희양;4596;7
유기자;4596;7
미곤;4596;7
내애;4596;7
홀리;4596;7
새리;4596;7
류정;4596;7
성수;4596;7
성예;4596;7
하응;4596;7
결아;4596;7
타라;4596;7
언희;4596;7
도자;4596;7
래민;4596;7
세울;4596;7
영소;4596;7
현실;4596;7
근유;4596;7
현후;4596;7
샐리;4596;7
쥴리아;4596;7
햇별;4596;7
휘슬;4596;7
대영;4596;7
선휴;4596;7
민디;4596;7
남지;4596;7
은빛나;4596;7
혜름;4596;7
봄솔;4596;7
부겸;4596;7
글;4596;7
보별;4596;7
우실;4596;7
린영;4596;7
상언;4596;7
효예;4596;7
사혜;4596;7
련희;4596;7
유상;4596;7
다재;4596;7
아드리아나;4596;7
샤넬;4596;7
세을;4596;7
릉향;4596;7
인홍;4596;7
달아;4596;7
귀옥;4596;7
제이드;4596;7
의송;4596;7
세이나;4596;7
선한;4596;7
무비;4596;7
미노;4596;7
꽃별;4596;7
보근;4596;7
승의;4596;7
청현;4596;7
해숙;4596;7
종현;4596;7
기리;4596;7
오경;4596;7
하량;4596;7
지주;4596;7
벨렌;4596;7
가울;4596;7
여량;4596;7
운선;4596;7
나효;4596;7
비진;4596;7
영향;4596;7
재련;4596;7
다소니;4596;7
태량;4596;7
환주;4596;7
미도리;4596;7
나빛;4596;7
아나벨;4596;7
하량;4596;7
유련;4596;7
해월;4596;7
본경;4596;7
복선;4596;7
재승;4596;7
순경;4596;7
리란;4596;7
재련;4596;7
가울;4596;7
영향;4596;7
태량;4596;7
미도리;4596;7
다화;4596;7
엠버;4596;7
나의;4596;7
보석;4596;7
여담;4596;7
레오나;4596;7
화담;4596;7
초애;4596;7
혜유;4596;7
호련;4596;7
귀화;4596;7
유메;4596;7
가화;4596;7
리양;4596;7
뉴리;4596;7
히라;4596;7
강서;4596;7
자비;4596;7
제령;4596;7
누엘;4596;7
비은;4596;7
래빈;4596;7
두림;4596;7
천애;4596;7
명정;4596;7
옥화;4596;7
프리실라;4596;7
효심;4596;7
근형;4596;7
경의;4596;7
위서;4596;7
한세;4596;7
강림;4596;7
성예;4596;7
타라;4596;7
용미;4596;7
근유;4596;7
사언;4596;7
영소;4596;7
민디;4596;7
은빛나;4596;7
태슬;4596;7
부겸;4596;7
효예;4596;7
린영;4596;7
사혜;4596;7
다재;4596;7
세을;4596;7
귀옥;4596;7
애현;4596;7
현자;4596;7
효채;4596;7
승의;4596;7
기율;4596;7
해숙;4596;7
화름;4596;7
혜다;4596;7
지주;4596;7
여량;4596;7
나효;4596;7
비진;4596;7
알리야;4596;7
나빛;4596;7
새랑;4596;7
월;4596;7
비비;4596;7
고담;4596;7
은평;4596;7
혜륜;4596;7
노조미;4596;7
은류;4596;7
채의;4596;7
단의;4596;7
강혜;4596;7
미민;4596;7
근효;4596;7
동비;4596;7
홍이;4596;7
리베;4596;7
령주;4596;7
나단;4596;7
빈주;4596;7
시랑;4596;7
제언;4596;7
린채;4596;7
기하;4596;7
언희;4596;7
선교;4596;7
소니아;4596;7
부선;4596;7
루영;4596;7
여담;4596;7
햇별;4596;7
여혜;4596;7
대영;4596;7
은평;4596;7
고담;4596;7
아비게일;4911;6
진애;4911;6
상영;4911;6
혜양;4911;6
이듬;4911;6
채문;4911;6
단홍;4911;6
양애;4911;6
언교;4911;6
순나;4911;6
다우리;4911;6
화채;4911;6
덕연;4911;6
에밀리아;4911;6
내희;4911;6
애담;4911;6
봄울;4911;6
히나노;4911;6
홍원;4911;6
문현;4911;6
리아김;4911;6
봉;4911;6
안아;4911;6
애리카;4911;6
세교;4911;6
나탈리아;4911;6
길영;4911;6
선용;4911;6
라비;4911;6
동효;4911;6
해언;4911;6
규래;4911;6
순진;4911;6
자언;4911;6
아사;4911;6
진요;4911;6
기애;4911;6
류가;4911;6
인재;4911;6
강휘;4911;6
랑아;4911;6
권서;4911;6
태람;4911;6
훈정;4911;6
해루;4911;6
시훈;4911;6
호나;4911;6
소휼;4911;6
혜희;4911;6
천명;4911;6
아힘;4911;6
다건;4911;6
율주;4911;6
새잎;4911;6
빛하나;4911;6
다님;4911;6
영예;4911;6
데레사;4911;6
세잎;4911;6
고연;4911;6
케이;4911;6
재란;4911;6
애심;4911;6
가솔;4911;6
설기;4911;6
이산;4911;6
우하;4911;6
비손;4911;6
가랑;4911;6
우휘;4911;6
윤봄;4911;6
문아;4911;6
숙연;4911;6
지륜;4911;6
릴리아나;4911;6
현오;4911;6
보엘;4911;6
은린;4911;6
목련;4911;6
추자;4911;6
클로이예은;4911;6
예전;4911;6
실비아;4911;6
인실;4911;6
규리아;4911;6
사하;4911;6
을비;4911;6
한얼;4911;6
선령;4911;6
사우;4911;6
혜미자;4911;6
루휘;4911;6
청민;4911;6
나선;4911;6
바이올렛;4911;6
체아;4911;6
유론;4911;6
은자;4911;6
선녀;4911;6
아일렌;4911;6
송리;4911;6
절자;4911;6
언;4911;6
태우;4911;6
다늬;4911;6
석화;4911;6
운해;4911;6
예반;4911;6
사채;4911;6
고을;4911;6
정륜;4911;6
나주;4911;6
애민;4911;6
재;4911;6
휼;4911;6
비앙카;4911;6
준현;4911;6
구윤;4911;6
래이나;4911;6
란서;4911;6
효랑;4911;6
규휘;4911;6
늘빛;4911;6
이루나;4911;6
을아;4911;6
민률;4911;6
호나;4911;6
하예린;4911;6
하제;4911;6
키라;4911;6
우애;4911;6
진채;4911;6
나름;4911;6
올림;4911;6
나샘;4911;6
환유;4911;6
소백합;4911;6
폴린;4911;6
가호;4911;6
혜일;4911;6
아르미;4911;6
보규;4911;6
에슐리;4911;6
태람;4911;6
나실;4911;6
류영;4911;6
화강;4911;6
은엽;4911;6
랑아;4911;6
시이;4911;6
부자;4911;6
말순;4911;6
준화;4911;6
실화;4911;6
병희;4911;6
하명;4911;6
빛초롱;4911;6
옥영;4911;6
희월;4911;6
요림;4911;6
신위;4911;6
창조;4911;6
진요;4911;6
소완;4911;6
나승;4911;6
황희;4911;6
정욱;4911;6
경흔;4911;6
고이;4911;6
미솜;4911;6
남연;4911;6
임정;4911;6
유즈키;4911;6
가정;4911;6
정한;4911;6
해언;4911;6
용화;4911;6
초령;4911;6
이샘;4911;6
시와;4911;6
브니엘;4911;6
세이라;4911;6
순민;4911;6
덕경;4911;6
조수아;4911;6
석빈;4911;6
효혜;4911;6
리을;4911;6
멜로디;4911;6
선자;4911;6
채겸;4911;6
순련;4911;6
치하루;4911;6
담하;4911;6
고나;4911;6
본유;4911;6
부성;4911;6
해빛나;4911;6
은란;4911;6
흔이;4911;6
단홍;4911;6
순나;4911;6
리아김;4911;6
동효;4911;6
순진;4911;6
류가;4911;6
훈정;4911;6
아사;4911;6
추자;4911;6
사하;4911;6
우승;4911;6
자안;4911;6
마호;4911;6
주실;4911;6
광리;4911;6
감비;4911;6
체아;4911;6
절자;4911;6
태우;4911;6
정륜;4911;6
나주;4911;6
재;4911;6
우애;4911;6
아르미;4911;6
준화;4911;6
고이;4911;6
용화;4911;6
선자;4911;6
선준;4911;6
춘자;4911;6
사량;4911;6
율경;4911;6
인자;4911;6
현강;4911;6
선덕;4911;6
옥미;4911;6
새암;4911;6
경모;4911;6
여엘;4911;6
운유;4911;6
행실;4911;6
고흔;4911;6
희루;4911;6
단윤;4911;6
회윤;4911;6
참이;4911;6
청원;4911;6
밀리;4911;6
이만;4911;6
부빈;4911;6
린이;4911;6
이운;4911;6
향민;4911;6
마유미;4911;6
치율;4911;6
조;4911;6
정실;4911;6
우설;4911;6
부희;4911;6
가론;4911;6
홍매;4911;6
향진;4911;6
보;4911;6
코코;4911;6
권진;4911;6
헌영;4911;6
루네;4911;6
혜희;4911;6
재옥;4911;6
후영;4911;6
심애;4911;6
우란;4911;6
우제;4911;6
린유;4911;6
찬혜;4911;6
례미;4911;6
예률;4911;6
음비;4911;6
다승;4911;6
도정;4911;6
실화;4911;6
시이;4911;6
은엽;4911;6
은자;4911;6
앰버;4911;6
윤림;4911;6
영솔;4911;6
은동;4911;6
이바;4911;6
운해;4911;6
부빈;4911;6
란나;4911;6
희륜;4911;6
기언;4911;6
규리아;4911;6
린이;4911;6
이운;4911;6
치율;4911;6
하제;4911;6
클로이예은;4911;6
순임;4911;6
향민;4911;6
마유미;4911;6
라교;4911;6
무궁;4911;6
조;4911;6
정실;4911;6
우설;4911;6
사강;4911;6
구연;4911;6
이듬;4911;6
보엘;4911;6
부희;4911;6
빛초롱;4911;6
숙연;4911;6
샘별;4911;6
가론;4911;6
우하;4911;6
에마;4911;6
도헌;4911;6
실희;4911;6
홍매;4911;6
영헌;4911;6
륜화;4911;6
헤더;4911;6
고연;4911;6
가솔;4911;6
케이;4911;6
향진;4911;6
베리;4911;6
보;4911;6
리보;4911;6
코코;4911;6
다님;4911;6
사샤;4911;6
빛하나;4911;6
아겸;4911;6
권진;4911;6
준은;4911;6
루네;4911;6
앨리나;4911;6
이산;4911;6
태람;4911;6
모리;4911;6
랑아;4911;6
해언;4911;6
혜희;4911;6
청희;4911;6
준현;4911;6
재옥;4911;6
참별;4911;6
후영;4911;6
이성;4911;6
세교;4911;6
문비;4911;6
리을;4911;6
심애;4911;6
로리;4911;6
현세;4911;6
봉;4911;6
말순;4911;6
우란;4911;6
우제;4911;6
린유;4911;6
찬혜;4911;6
례미;4911;6
순민;4911;6
애심;4911;6
려흔;4911;6
금향;4911;6
아비게일;4911;6
천아;4911;6
라의;4911;6
예률;4911;6
희자;4911;6
희로;4911;6
나향;4911;6
음비;4911;6
진채;4911;6
다승;4911;6
수강;4911;6
정한;4911;6
도정;4911;6
소마;4911;6
키라;4911;6
소완;4911;6
봄울;4911;6
실화;4911;6
욱미;4911;6
시이;4911;6
시이;4911;6
나름;4911;6
은엽;4911;6
희월;4911;6
옥영;4911;6
은순;4911;6
소마;4911;6
환유;4911;6
병희;4911;6
로리;4911;6
아일렌;4911;6
류영;4911;6
에슐리;4911;6
은자;4911;6
두민;4911;6
폴린;4911;6
앰버;4911;6
나실;4911;6
유히;4911;6
윤림;4911;6
설애;4911;6
영솔;4911;6
르미;4911;6
부자;4911;6
보규;4911;6
청민;4911;6
은동;4911;6
이바;4911;6
운해;4911;6
민률;4911;6
비앙카;4911;6
휼;4911;6
정욱;4911;6
시와;4911;6
하명;4911;6
석화;4911;6
혜일;4911;6
가호;4911;6
다늬;4911;6
시재;4911;6
언;4911;6
소설;4911;6
지올;4911;6
혜미자;4911;6
홍아;4911;6
소백합;4911;6
하범;4911;6
꽃님;4911;6
캐롤;4911;6
율교;4911;6
나샘;4911;6
이샘;4911;6
문비;4911;6
이산;4911;6
희자;4911;6
애심;4911;6
구연;4911;6
일혜;5358;5
자혜;5358;5
브리아나;5358;5
승조;5358;5
경심;5358;5
오른;5358;5
승회;5358;5
함비;5358;5
나딸리아;5358;5
예소미;5358;5
아늘;5358;5
율혜;5358;5
다비나;5358;5
언아;5358;5
기명;5358;5
체희;5358;5
시령;5358;5
김사랑;5358;5
효을;5358;5
신미;5358;5
케이틀린;5358;5
에벨린;5358;5
보을;5358;5
스카이하늘;5358;5
꽃향기;5358;5
단테;5358;5
사향;5358;5
이찬;5358;5
수흔;5358;5
조향;5358;5
다윈;5358;5
슈리;5358;5
로데;5358;5
일연;5358;5
화향;5358;5
망;5358;5
호수아;5358;5
미원;5358;5
에슬;5358;5
예바;5358;5
치영;5358;5
토리;5358;5
능화;5358;5
자혜;5358;5
애숙;5358;5
경률;5358;5
건우;5358;5
슈리;5358;5
묘은;5358;5
환나;5358;5
스카이하늘;5358;5
미원;5358;5
지항;5358;5
원별;5358;5
령선;5358;5
혜근;5358;5
종민;5358;5
현종;5358;5
엘시;5358;5
재형;5358;5
마희;5358;5
경안;5358;5
소자;5358;5
함비;5358;5
신민;5358;5
베로니카;5358;5
준오;5358;5
운진;5358;5
태음;5358;5
아늘;5358;5
신자;5358;5
예지나;5358;5
고울;5358;5
새언;5358;5
경단;5358;5
다흠;5358;5
혜욱;5358;5
보교;5358;5
아름다운;5358;5
노이;5358;5
소성;5358;5
요빈;5358;5
엘레노어;5358;5
애채;5358;5
해단;5358;5
온채;5358;5
사연;5358;5
승제;5358;5
려언;5358;5
엔젤리나;5358;5
슬채;5358;5
정엽;5358;5
순하;5358;5
자흔;5358;5
사월;5358;5
동교;5358;5
우이;5358;5
나딸리아;5358;5
꽃향기;5358;5
호리;5358;5
재라;5358;5
원예;5358;5
화옥;5358;5
좋은;5358;5
로힘;5358;5
호수아;5358;5
단나;5358;5
찬의;5358;5
은엘;5358;5
강지;5358;5
태론;5358;5
도안;5358;5
준채;5358;5
언아;5358;5
금음;5358;5
슬윤;5358;5
진인;5358;5
승위;5358;5
문교;5358;5
수흔;5358;5
진금;5358;5
나훈;5358;5
애성;5358;5
혜용;5358;5
엘인;5358;5
소전;5358;5
이교;5358;5
설비;5358;5
선담;5358;5
현옥;5358;5
수교;5358;5
담설;5358;5
온빈;5358;5
하눈;5358;5
카리나;5358;5
진샘;5358;5
차혜;5358;5
비주안;5358;5
오월;5358;5
다른;5358;5
달림;5358;5
온희;5358;5
아키나;5358;5
나일;5358;5
보교;5358;5
슬윤;5358;5
다이아;5358;5
김;5358;5
주승;5358;5
효을;5358;5
자혜;5358;5
의리;5358;5
안빈;5358;5
승위;5358;5
륜우;5358;5
상임;5358;5
하나김;5358;5
애채;5358;5
유끼;5358;5
동채;5358;5
언빈;5358;5
은신;5358;5
신성;5358;5
금봉;5358;5
사화;5358;5
경단;5358;5
엘인;5358;5
성의;5358;5
소전;5358;5
이교;5358;5
려언;5358;5
아노;5358;5
쥬빌리;5358;5
예의;5358;5
란화;5358;5
단휘;5358;5
클로이하윤;5358;5
슬채;5358;5
꽃향기;5358;5
고울;5358;5
능화;5358;5
은중;5358;5
서전;5358;5
아늘;5358;5
백설;5358;5
준오;5358;5
준채;5358;5
엘레이나;5358;5
훈비;5358;5
이숲;5358;5
나딸리아;5358;5
설헌;5358;5
가대자;5358;5
다행;5358;5
테사;5358;5
조향;5358;5
사미라;5358;5
온결;5358;5
준홍;5358;5
유청;5358;5
새윤;5358;5
내인;5358;5
재라;5358;5
늘사랑;5358;5
송유;5358;5
비한;5358;5
소기;5358;5
두루;5358;5
윤자;5358;5
영내;5358;5
건우;5358;5
온희;5358;5
클로이사랑;5358;5
가담;5358;5
플로렌시아;5358;5
여강;5358;5
온빈;5358;5
진인;5358;5
노경;5358;5
브리아나;5358;5
영율;5358;5
혜근;5358;5
사기;5358;5
만세;5358;5
방미;5358;5
하올;5358;5
리선;5358;5
도람;5358;5
모애;5358;5
윤임;5358;5
이사;5358;5
다른;5358;5
클로이김;5358;5
조아나;5358;5
경운;5358;5
휘솔;5358;5
론;5358;5
얀별;5358;5
예종;5358;5
오월;5358;5
김사랑;5358;5
은누리;5358;5
경준;5358;5
다흠;5358;5
성재;5358;5
란화;5358;5
담혜;5358;5
론;5358;5
우이;5358;5
임엘;5358;5
설헌;5358;5
은누리;5358;5
이리스;5358;5
하롬;5358;5
아름드리;5358;5
찬효;5358;5
조율;5358;5
보을;5358;5
기담;5358;5
숙혜;5358;5
성요;5358;5
온빈;5358;5
령향;5358;5
다미아;5358;5
혜중;5358;5
혜근;5358;5
단나;5358;5
애원;5358;5
심화;5358;5
김;5358;5
금봉;5358;5
재운;5358;5
승수;5358;5
늘푸름;5358;5
경준;5358;5
캘리;5358;5
눈솔;5358;5
태론;5358;5
율랑;5358;5
겨움;5358;5
아실;5358;5
예지나;5358;5
미재;5358;5
리완;5358;5
애유;5358;5
원원;5358;5
예바;5358;5
함비;5358;5
라형;5358;5
심유;5358;5
밀;5358;5
서문;5358;5
동교;5358;5
무화;5358;5
솔화;5358;5
가대자;5358;5
호수아;5358;5
태음;5358;5
준채;5358;5
훈비;5358;5
기명;5358;5
시지;5358;5
은섭;5358;5
성의;5358;5
혜심;5358;5
사지;5358;5
혜봄;5358;5
온솔;5358;5
민녕;5358;5
망;5358;5
다른;5358;5
도람;5358;5
새임;5358;5
빈서;5358;5
금설;5358;5
다복;5358;5
진금;5358;5
송유;5358;5
현다;5358;5
홍화;5358;5
로앤;5358;5
진샘;5358;5
천우;5358;5
승조;5358;5
하디;5358;5
한월;5358;5
유카리;5358;5
현옥;5358;5
단휘;5358;5
예소미;5358;5
아려;5358;5
신성;5358;5
혜용;5358;5
테사;5358;5
로힘;5358;5
룩희;5358;5
화비;5358;5
하옐;5358;5
현홍;5358;5
고미;5358;5
엘레노어;5358;5
담의;5358;5
겨루;5358;5
란유;5358;5
언빈;5358;5
단태;5358;5
초휘;5358;5
주한;5358;5
밀;5358;5
킴벌리;5358;5
승교;5358;5
령향;5358;5
령서;5358;5
백설;5358;5
현다;5358;5
룩희;5358;5
가여;5358;5
베로니카;5358;5
아늘;5358;5
알렉시스;5358;5
아키나;5358;5
은신;5358;5
준연;5358;5
혜별;5358;5
온채;5358;5
령애;5358;5
민녕;5358;5
미함;5358;5
효범;5358;5
빛샘;5358;5
우단;5358;5
원원;5358;5
금설;5358;5
비한;5358;5
요화;5358;5
천학;5358;5
겨움;5358;5
수흔;5358;5
아실;5358;5
효문;5358;5
나례;5358;5
건미;5358;5
수랑;5358;5
빛사랑;5358;5
화향;5358;5
위민;5358;5
화비;5358;5
에슬;5358;5
명랑;5358;5
아나벨라;5358;5
리완;5358;5
향비;5358;5
이숲;5358;5
혜심;5358;5
혜근;5358;5
방미;5358;5
끌라라;5358;5
새언;5358;5
미재;5358;5
순복;5358;5
비현;5358;5
설헌;5358;5
수잔나;5358;5
브리아나;5358;5
율랑;5358;5
은열;5358;5
하헌;5358;5
유카리;5358;5
휘솔;5358;5
겨루;5358;5
마희;5358;5
예양;5358;5
승회;5358;5
종민;5358;5
은누리;5358;5
단솔;5358;5
늘사랑;5358;5
새임;5358;5
서전;5358;5
윤임;5358;5
히마리;5358;5
재형;5358;5
성심;5358;5
승조;5358;5
솔화;5358;5
령선;5358;5
케이틀린;5358;5
사기;5358;5
지정;5358;5
현홍;5358;5
리선;5358;5
온결;5358;5
비주안;5358;5
신자;5358;5
다누;5358;5
재시;5358;5
온희;5358;5
호재;5358;5
슬후;5358;5
여강;5358;5
치영;5358;5
양향;5358;5
애가;5358;5
미생;5358;5
신시아;5358;5
공윤;5358;5
애가;5358;5
가해;5358;5
슈리;5358;5
다리나;5358;5
윤체;5358;5
가브리엘;5358;5
자흔;5358;5
엘레이나;5358;5
경명;5358;5
사유리;5358;5
청림;5358;5
쥬빌리;5358;5
세래;5358;5
설효;5358;5
계선;5358;5
조아나;5358;5
노이;5358;5
유청;5358;5
경안;5358;5
예소미;5358;5
아려;5358;5
운진;5358;5
승조;5358;5
담혜;5358;5
푸르미;5358;5
스카일러;5358;5
류인;5358;5
유제;5358;5
미원;5358;5
순우;5358;5
성재;5358;5
솔영;5358;5
소리엘;5358;5
문령;5358;5
소성;5358;5
치영;5358;5
훈비;5358;5
티아나;5358;5
지행;5358;5
수흔;5358;5
미재;5358;5
청명;5358;5
혜심;5358;5
온봄;5358;5
봄소리;5358;5
영롱;5358;5
론;5358;5
오른;5358;5
희하;5358;5
가여;5358;5
율혜;5358;5
숙혜;5358;5
하옐;5358;5
유환;5358;5
에슬;5358;5
눈솔;5358;5
예바;5358;5
인소;5358;5
른봄;5358;5
하른;5358;5
천학;5358;5
예의;5358;5
신자;5358;5
슬안;5358;5
애원;5358;5
새솜;5358;5
찬숙;5358;5
상나;5358;5
장희;5358;5
승별;5358;5
원원;5358;5
산비;5358;5
평;5358;5
심유;5358;5
금봉;5358;5
사월;5358;5
그랑;5358;5
마키;5358;5
시지;5358;5
예엘;5358;5
오;5884;4
기순;5884;4
임교;5884;4
온담;5884;4
송자;5884;4
네아;5884;4
닮;5884;4
덕순;5884;4
나규;5884;4
미음;5884;4
원윤;5884;4
하움;5884;4
천성;5884;4
온후;5884;4
부솔;5884;4
원나;5884;4
하루미;5884;4
웅비;5884;4
성라;5884;4
리건;5884;4
앵화;5884;4
의량;5884;4
안이;5884;4
헌정;5884;4
향채;5884;4
문송;5884;4
율라;5884;4
수성;5884;4
최원;5884;4
호산나;5884;4
청솔;5884;4
금빛나;5884;4
산성;5884;4
신연;5884;4
정문;5884;4
경후;5884;4
일서;5884;4
솔향;5884;4
미나자;5884;4
원설;5884;4
보문;5884;4
수훈;5884;4
아즈사;5884;4
레아나;5884;4
아야미;5884;4
규단;5884;4
흠;5884;4
름나;5884;4
리순;5884;4
언채;5884;4
문설;5884;4
준나;5884;4
카이라;5884;4
휘재;5884;4
아남;5884;4
린주;5884;4
천희;5884;4
유홍;5884;4
단형;5884;4
일주;5884;4
레이라;5884;4
송라;5884;4
춘양;5884;4
위영;5884;4
자헌;5884;4
리엔;5884;4
아운;5884;4
금원;5884;4
곤지;5884;4
해비;5884;4
지금;5884;4
이앙;5884;4
엘라김;5884;4
남숙;5884;4
채름;5884;4
야니;5884;4
명헌;5884;4
들이;5884;4
사름;5884;4
홍채;5884;4
향련;5884;4
예그리나;5884;4
세결;5884;4
양혜;5884;4
아야네;5884;4
끌로에;5884;4
요재;5884;4
해조;5884;4
봉은;5884;4
검지;5884;4
정오;5884;4
종빈;5884;4
난향;5884;4
을지;5884;4
혜균;5884;4
그리;5884;4
소오;5884;4
루이스;5884;4
나기사;5884;4
영설;5884;4
지구;5884;4
주찬;5884;4
국빈;5884;4
채지;5884;4
경금;5884;4
메간;5884;4
우기;5884;4
소용;5884;4
한성;5884;4
귤이;5884;4
샤나;5884;4
나려;5884;4
문화;5884;4
사수;5884;4
빛별;5884;4
도솔;5884;4
앤젤라;5884;4
모라;5884;4
비결;5884;4
주리아;5884;4
총미;5884;4
아효;5884;4
희찬;5884;4
승완;5884;4
정난;5884;4
준성;5884;4
꽃잎;5884;4
준리;5884;4
과름;5884;4
별빛나;5884;4
성흔;5884;4
문겸;5884;4
맹;5884;4
재겸;5884;4
건호;5884;4
설향;5884;4
도호;5884;4
내담;5884;4
하얼;5884;4
창혜;5884;4
근경;5884;4
규명;5884;4
성련;5884;4
회미;5884;4
새원;5884;4
해임;5884;4
헤이든;5884;4
사야가;5884;4
미찬;5884;4
서계;5884;4
비쥬;5884;4
앤젤라;5884;4
나려;5884;4
귤이;5884;4
우기;5884;4
채지;5884;4
루이스;5884;4
을지;5884;4
양혜;5884;4
아야네;5884;4
예그리나;5884;4
곤지;5884;4
유홍;5884;4
흠;5884;4
솔향;5884;4
경후;5884;4
호산나;5884;4
헌정;5884;4
리건;5884;4
성라;5884;4
영금;5884;4
효기;5884;4
레온;5884;4
민시;5884;4
가득;5884;4
예난;5884;4
율한;5884;4
애바;5884;4
피오나;5884;4
미련;5884;4
상예;5884;4
빛가을;5884;4
하아;5884;4
경효;5884;4
다견;5884;4
헵시바;5884;4
종혜;5884;4
아메리;5884;4
미레;5884;4
훌리에따;5884;4
여함;5884;4
권민;5884;4
송요;5884;4
양서;5884;4
사야카;5884;4
요셉;5884;4
환솔;5884;4
홍유;5884;4
혜조;5884;4
아니카;5884;4
줄리앤;5884;4
제의;5884;4
하지;5884;4
문미;5884;4
선원;5884;4
미쿠;5884;4
춘아;5884;4
마리암;5884;4
빛이나;5884;4
국연;5884;4
나헌;5884;4
일령;5884;4
순리;5884;4
묘자;5884;4
희록;5884;4
예흰;5884;4
이환;5884;4